Unique_ID,Similarity_Score
0,0.22843754291534424
1,0.28167304396629333
2,0.5760681629180908
3,0.36532390117645264
4,0.287489116191864
5,0.41056233644485474
6,0.3056565523147583
7,0.4645482301712036
8,0.22846558690071106
9,0.36191684007644653
10,0.4294331669807434
11,0.40060460567474365
12,0.39157354831695557
13,0.3455756902694702
14,0.46060067415237427
15,0.3551718592643738
16,0.23775498569011688
17,0.2438463568687439
18,0.42956408858299255
19,0.3658154308795929
20,0.32603687047958374
21,0.45377928018569946
22,0.3147897720336914
23,0.05137857049703598
24,0.39676183462142944
25,0.24309313297271729
26,0.40055763721466064
27,0.4678150415420532
28,0.38333338499069214
29,0.28529709577560425
30,0.2217360883951187
31,0.18162745237350464
32,0.42546290159225464
33,0.38460540771484375
34,0.14160919189453125
35,0.2395901381969452
36,0.4139276444911957
37,0.3824268579483032
38,0.38241586089134216
39,0.2430730164051056
40,0.19417256116867065
41,0.1956351101398468
42,0.3033883273601532
43,0.23558557033538818
44,0.22458313405513763
45,0.5426296591758728
46,0.140812948346138
47,0.37093523144721985
48,0.25652801990509033
49,0.5243745446205139
50,0.35750824213027954
51,0.36893945932388306
52,0.18010848760604858
53,0.2500913739204407
54,0.08758129179477692
55,0.361856073141098
56,0.4071073532104492
57,0.38786205649375916
58,0.24587461352348328
59,0.3193630874156952
60,0.49463951587677
61,0.18324054777622223
62,0.3303433656692505
63,0.10347514599561691
64,0.11774364113807678
65,0.21462659537792206
66,0.25931447744369507
67,0.49466753005981445
68,0.3001033067703247
69,0.4374641180038452
70,0.3984071612358093
71,0.3372992277145386
72,0.07405101507902145
73,0.30239933729171753
74,0.037250954657793045
75,0.2852247953414917
76,0.26604321599006653
77,0.173304945230484
78,0.3371647596359253
79,0.24044343829154968
80,0.24333618581295013
81,0.2842973470687866
82,0.3225918710231781
83,0.2664520740509033
84,0.24543936550617218
85,0.25072863698005676
86,0.24335916340351105
87,0.4374452531337738
88,0.3977798819541931
89,0.42154866456985474
90,0.23690713942050934
91,0.36963000893592834
92,0.452409029006958
93,0.49834638833999634
94,0.3378443121910095
95,0.05133375525474548
96,0.2596510350704193
97,0.25705236196517944
98,0.5069161653518677
99,0.4452642798423767
100,-0.04741796851158142
101,0.282807856798172
102,0.23944136500358582
103,0.37007731199264526
104,0.28042203187942505
105,0.2763703465461731
106,0.42451709508895874
107,0.3853355050086975
108,0.24105210602283478
109,0.12103597819805145
110,0.39447852969169617
111,0.24543634057044983
112,0.43169260025024414
113,0.28667986392974854
114,0.31120309233665466
115,0.40809130668640137
116,0.2095489501953125
117,0.2343488484621048
118,0.2029295712709427
119,0.3179326355457306
120,0.2380053699016571
121,0.6285014152526855
122,0.3754046559333801
123,0.26911160349845886
124,0.22669105231761932
125,0.3558901250362396
126,0.28431567549705505
127,0.38182395696640015
128,0.22819939255714417
129,0.25348591804504395
130,0.20272397994995117
131,0.3881225883960724
132,0.23704615235328674
133,0.34334295988082886
134,0.28298649191856384
135,0.47240495681762695
136,0.38251709938049316
137,0.20135414600372314
138,0.49824637174606323
139,0.34195536375045776
140,0.2753320336341858
141,0.25276464223861694
142,0.25361204147338867
143,0.46199309825897217
144,0.3377288579940796
145,0.3480587601661682
146,0.4084078073501587
147,0.3831634521484375
148,0.3654173016548157
149,0.22767533361911774
150,0.37526780366897583
151,0.23134291172027588
152,0.1996101438999176
153,0.28917109966278076
154,0.2555721402168274
155,0.45733642578125
156,0.4410371780395508
157,0.4748839735984802
158,0.10100860893726349
159,0.5151886940002441
160,0.253451943397522
161,0.49390465021133423
162,0.2482195347547531
163,0.3312521278858185
164,0.21171414852142334
165,0.3946879804134369
166,0.21797937154769897
167,0.2916066646575928
168,0.36515235900878906
169,0.34245795011520386
170,0.2072080373764038
171,0.060411445796489716
172,0.3023400902748108
173,0.23050148785114288
174,0.09181035310029984
175,0.4377750754356384
176,0.24013011157512665
177,0.3031356930732727
178,0.2462499737739563
179,0.3560030460357666
180,0.24696163833141327
181,0.466005802154541
182,0.47197192907333374
183,0.31645315885543823
184,0.47142574191093445
185,0.1553211808204651
186,0.2473679631948471
187,0.16852563619613647
188,0.3570147454738617
189,0.34653469920158386
190,0.2285630702972412
191,0.3163101077079773
192,0.20311929285526276
193,0.37819695472717285
194,0.22648781538009644
195,0.09196494519710541
196,0.4367833137512207
197,0.23842278122901917
198,0.22836031019687653
199,0.41460102796554565
200,0.28363776206970215
201,0.27833986282348633
202,0.1647142916917801
203,0.12899275124073029
204,0.29304271936416626
205,0.4256935715675354
206,0.40775924921035767
207,0.3805469870567322
208,0.27252236008644104
209,0.40922078490257263
210,0.14581987261772156
211,0.2770001292228699
212,0.20921149849891663
213,0.28892794251441956
214,0.182138592004776
215,0.3523060381412506
216,0.2669762074947357
217,0.16327619552612305
218,0.2819588780403137
219,0.30288100242614746
220,0.4116383194923401
221,0.4818578362464905
222,0.3966625928878784
223,0.47430503368377686
224,0.31949949264526367
225,0.16720595955848694
226,0.16346050798892975
227,0.4832645058631897
228,0.38613128662109375
229,0.3076668977737427
230,0.3038175106048584
231,0.4520432949066162
232,0.11206432431936264
233,0.3960477113723755
234,0.4325657784938812
235,0.25021976232528687
236,0.3593982756137848
237,0.1856287121772766
238,0.10822374373674393
239,0.49032172560691833
240,0.25975674390792847
241,0.37979626655578613
242,0.16921553015708923
243,0.28425055742263794
244,0.19648350775241852
245,0.32293254137039185
246,0.4143993556499481
247,0.1672854721546173
248,0.29823482036590576
249,0.20800061523914337
250,0.32852762937545776
251,0.17638447880744934
252,0.1271689385175705
253,0.3350100815296173
254,0.47011250257492065
255,0.26916471123695374
256,0.22373442351818085
257,0.15443578362464905
258,0.14369967579841614
259,0.1980971395969391
260,0.14509011805057526
261,0.3564569652080536
262,0.3900472819805145
263,0.32484567165374756
264,0.33853334188461304
265,0.3595100939273834
266,0.535351574420929
267,0.21690377593040466
268,0.4646538197994232
269,0.3224550783634186
270,0.33925876021385193
271,0.09835603833198547
272,0.36805427074432373
273,0.26333945989608765
274,0.461497962474823
275,0.36406832933425903
276,0.14241117238998413
277,0.2110082060098648
278,0.2102748602628708
279,0.24921782314777374
280,0.4682222902774811
281,0.42141368985176086
282,0.20309795439243317
283,0.21089671552181244
284,0.7638670802116394
285,0.19541065394878387
286,0.19764837622642517
287,0.48431435227394104
288,0.34466105699539185
289,0.31984782218933105
290,0.33764058351516724
291,0.4223219156265259
292,0.21228531002998352
293,0.18268421292304993
294,0.3165159821510315
295,0.09985420107841492
296,0.3212865889072418
297,0.2831305265426636
298,0.17905190587043762
299,0.41474586725234985
300,0.3465821146965027
301,0.2993682324886322
302,0.3351280093193054
303,0.36914199590682983
304,0.3560582101345062
305,0.46431928873062134
306,0.2938472628593445
307,0.473091721534729
308,0.2802835702896118
309,0.14453403651714325
310,0.20651733875274658
311,0.3185634911060333
312,0.1091822162270546
313,0.203728586435318
314,0.3941507339477539
315,0.08990831673145294
316,0.08568158745765686
317,0.31761443614959717
318,0.38218575716018677
319,0.5429033637046814
320,0.326462060213089
321,0.3403782844543457
322,0.4441589117050171
323,0.23300105333328247
324,0.2698650360107422
325,0.16849176585674286
326,0.5280390977859497
327,0.1931135207414627
328,0.357433557510376
329,0.6157699823379517
330,0.2021157443523407
331,0.26806092262268066
332,0.16745173931121826
333,0.4691166281700134
334,0.42196932435035706
335,0.3603341579437256
336,0.29389142990112305
337,0.4642176628112793
338,0.4398173391819
339,0.20397689938545227
340,0.3189089894294739
341,0.24042688310146332
342,0.30738693475723267
343,0.17949433624744415
344,0.30720752477645874
345,0.2531566619873047
346,0.2411305457353592
347,0.16536521911621094
348,0.3947559595108032
349,0.13338634371757507
350,0.36016368865966797
351,0.47520577907562256
352,0.3069942891597748
353,0.3394516110420227
354,0.2938881516456604
355,0.1645965427160263
356,0.3109093904495239
357,0.14875616133213043
358,0.30991417169570923
359,0.2834617495536804
360,0.24854876101016998
361,0.3718838691711426
362,0.300191730260849
363,0.35176169872283936
364,0.3149959146976471
365,0.23858141899108887
366,0.2158868908882141
367,0.33134037256240845
368,0.33587267994880676
369,0.07313667237758636
370,0.3648645281791687
371,0.41030097007751465
372,0.28530794382095337
373,0.38119274377822876
374,0.4081505537033081
375,0.5246541500091553
376,0.27950936555862427
377,0.17397598922252655
378,0.3626127541065216
379,0.1149170845746994
380,0.3367481529712677
381,0.42990100383758545
382,0.2853064239025116
383,0.2628258466720581
384,0.37796249985694885
385,0.47740480303764343
386,0.21129575371742249
387,0.3803054690361023
388,0.42867976427078247
389,0.26900261640548706
390,0.27916547656059265
391,0.420643150806427
392,0.45094019174575806
393,0.18490707874298096
394,0.2536593973636627
395,0.2630065679550171
396,0.26978799700737
397,0.359566330909729
398,0.1511179804801941
399,0.23940226435661316
400,0.40756937861442566
401,0.3110659718513489
402,0.018678050488233566
403,0.2748771905899048
404,0.39670467376708984
405,0.2397782802581787
406,0.2300320267677307
407,0.42597609758377075
408,0.404619038105011
409,0.3255324959754944
410,0.24180074036121368
411,0.30264735221862793
412,0.2612340450286865
413,0.3511192202568054
414,0.3380926251411438
415,0.2730746269226074
416,0.22946591675281525
417,0.29052332043647766
418,0.21600353717803955
419,0.3413558304309845
420,0.27577513456344604
421,0.4687458276748657
422,0.3827330768108368
423,0.46705693006515503
424,0.4692690968513489
425,0.17271657288074493
426,0.41811275482177734
427,0.30732351541519165
428,0.5408291816711426
429,0.29177436232566833
430,0.348660945892334
431,0.3114646077156067
432,0.19534900784492493
433,0.38868600130081177
434,0.3337303400039673
435,0.38540560007095337
436,0.19276370108127594
437,0.5145422220230103
438,0.21491137146949768
439,0.42403000593185425
440,0.29555192589759827
441,0.4321656823158264
442,0.6471233367919922
443,0.37346380949020386
444,0.3546706438064575
445,0.3820364475250244
446,0.3972930908203125
447,0.1674821972846985
448,0.29897481203079224
449,0.24549011886119843
450,0.16712842881679535
451,0.28562265634536743
452,0.2688215374946594
453,0.571835994720459
454,0.2856261134147644
455,0.29818665981292725
456,0.2579156458377838
457,0.20906633138656616
458,0.223436176776886
459,0.26299774646759033
460,0.4079378545284271
461,-0.0005228482186794281
462,0.2742801308631897
463,0.3689301311969757
464,0.19828706979751587
465,0.09274771809577942
466,0.42079025506973267
467,0.23206934332847595
468,0.14931586384773254
469,0.19212675094604492
470,0.24785633385181427
471,0.362042099237442
472,0.47107404470443726
473,0.2972249686717987
474,0.419365793466568
475,0.3986741900444031
476,0.3577274680137634
477,0.2807992100715637
478,0.24126620590686798
479,0.18903635442256927
480,0.4182482361793518
481,0.4523202180862427
482,0.33376967906951904
483,0.300334632396698
484,0.2335134744644165
485,0.4746516942977905
486,0.19062621891498566
487,0.304494172334671
488,0.43505287170410156
489,0.31815871596336365
490,0.21413840353488922
491,0.3458585739135742
492,0.20798027515411377
493,0.26195523142814636
494,0.23778799176216125
495,0.4191761612892151
496,0.2899722158908844
497,0.020437903702259064
498,0.28967708349227905
499,0.4206874966621399
500,0.2716046869754791
501,0.294512003660202
502,0.27050909399986267
503,0.45847994089126587
504,0.40090614557266235
505,0.07121185958385468
506,0.22073322534561157
507,0.15058854222297668
508,0.21480458974838257
509,0.4902030825614929
510,0.3187308609485626
511,0.21640262007713318
512,0.47520095109939575
513,0.2222442328929901
514,0.31272998452186584
515,0.3179675340652466
516,0.3022696375846863
517,0.3500174582004547
518,0.409185528755188
519,0.3122090697288513
520,0.12395307421684265
521,0.10142365097999573
522,0.15541218221187592
523,0.3905622363090515
524,0.23820829391479492
525,0.5469789505004883
526,0.5273359417915344
527,0.4790151119232178
528,0.23180490732192993
529,0.265841007232666
530,0.1628357619047165
531,0.18620477616786957
532,0.4801769256591797
533,0.1576383113861084
534,0.36238205432891846
535,0.6596280336380005
536,0.20930030941963196
537,0.29792356491088867
538,0.4008966088294983
539,0.31541186571121216
540,0.48063334822654724
541,0.20426911115646362
542,0.3378329575061798
543,0.2735334038734436
544,0.32938140630722046
545,0.5752018094062805
546,0.26341769099235535
547,0.22462576627731323
548,0.25044888257980347
549,0.6199711561203003
550,0.15531271696090698
551,0.49789929389953613
552,0.35987091064453125
553,0.35275429487228394
554,0.5200083255767822
555,0.33600857853889465
556,0.3642582893371582
557,0.29285377264022827
558,0.36687546968460083
559,0.2005787491798401
560,0.3000636696815491
561,0.22529391944408417
562,0.27791905403137207
563,0.3870943486690521
564,0.3352356553077698
565,0.14164762198925018
566,0.15471813082695007
567,0.4806012213230133
568,0.35879695415496826
569,0.23510074615478516
570,0.44616463780403137
571,0.3082898259162903
572,0.36599430441856384
573,0.3474223017692566
574,0.3522927761077881
575,0.10711027681827545
576,0.325747013092041
577,0.2915762960910797
578,0.34984394907951355
579,0.24554619193077087
580,0.3154069483280182
581,0.3914570212364197
582,0.33688074350357056
583,0.300385057926178
584,0.1761804223060608
585,0.41860759258270264
586,0.3673698306083679
587,0.12104848027229309
588,0.1311812400817871
589,0.16068994998931885
590,0.33676308393478394
591,0.4041447639465332
592,0.2516290247440338
593,0.3916923999786377
594,0.3489987850189209
595,0.35104310512542725
596,0.45780444145202637
597,0.37386849522590637
598,0.49393749237060547
599,0.1920258104801178
600,0.46925103664398193
601,0.4215165972709656
602,0.5147743225097656
603,0.37051764130592346
604,0.27258777618408203
605,0.2230929732322693
606,0.12582364678382874
607,0.43800437450408936
608,0.4585423469543457
609,0.4472302198410034
610,0.012431101873517036
611,0.19069287180900574
612,0.34807342290878296
613,0.2764911949634552
614,0.31037044525146484
615,0.09396951645612717
616,0.3071216940879822
617,0.25575143098831177
618,0.24742388725280762
619,0.49748942255973816
620,0.3419734239578247
621,0.2672913670539856
622,0.45325765013694763
623,0.18304410576820374
624,0.367854505777359
625,0.3186040222644806
626,0.2831878662109375
627,0.15819703042507172
628,0.480110228061676
629,0.1202254593372345
630,0.21583130955696106
631,0.42290419340133667
632,0.3861099183559418
633,0.3474727272987366
634,0.32776135206222534
635,0.10179851949214935
636,0.3773714303970337
637,0.08454762399196625
638,0.4126201272010803
639,0.38256892561912537
640,0.36073654890060425
641,0.23894305527210236
642,0.30336689949035645
643,0.3830741047859192
644,0.27048712968826294
645,0.23336011171340942
646,0.37532567977905273
647,0.2877277731895447
648,0.38353338837623596
649,0.25793877243995667
650,0.26563626527786255
651,0.26770222187042236
652,0.38884782791137695
653,0.282692551612854
654,0.35321545600891113
655,0.22585642337799072
656,0.3196834921836853
657,0.14174425601959229
658,0.12347874790430069
659,0.37240108847618103
660,0.4206341505050659
661,0.45280101895332336
662,0.2683850824832916
663,0.1935964822769165
664,0.22906386852264404
665,0.20188243687152863
666,0.12355649471282959
667,0.36133044958114624
668,0.19675788283348083
669,0.31268227100372314
670,0.5865464210510254
671,0.40054458379745483
672,0.3429940342903137
673,0.1218496710062027
674,0.22725185751914978
675,0.40969759225845337
676,0.3343799114227295
677,0.4400140643119812
678,0.2372586727142334
679,0.29626816511154175
680,0.24400243163108826
681,0.5867302417755127
682,0.35904788970947266
683,0.2870602607727051
684,0.38386088609695435
685,0.2867220342159271
686,0.24661535024642944
687,0.3046480417251587
688,0.366260290145874
689,0.12085151672363281
690,0.29160499572753906
691,0.15013918280601501
692,0.5082026124000549
693,0.4304478168487549
694,0.4134172201156616
695,0.5102828741073608
696,0.36152413487434387
697,0.4577887952327728
698,0.5382523536682129
699,0.3004826307296753
700,0.21336619555950165
701,0.3591316342353821
702,0.18581710755825043
703,0.5469955801963806
704,0.1070033609867096
705,0.26518237590789795
706,0.1718684285879135
707,0.21261461079120636
708,0.5025944113731384
709,0.14566119015216827
710,0.2598625123500824
711,0.389768123626709
712,0.22699469327926636
713,0.2526806592941284
714,0.32327497005462646
715,0.22341255843639374
716,0.5654470920562744
717,0.35384702682495117
718,0.39883577823638916
719,0.3464304804801941
720,0.44699668884277344
721,0.34627801179885864
722,0.41476425528526306
723,0.30238986015319824
724,0.28673166036605835
725,0.27975010871887207
726,0.12185026705265045
727,0.5424729585647583
728,0.2454100400209427
729,0.19169364869594574
730,0.34138402342796326
731,0.29843878746032715
732,0.3746829628944397
733,0.24791434407234192
734,0.30405426025390625
735,0.4776373505592346
736,0.2318144589662552
737,0.20798318088054657
738,0.4469805359840393
739,0.1418241411447525
740,0.2866782248020172
741,0.3100948929786682
742,0.28901922702789307
743,0.33355313539505005
744,0.3748297393321991
745,0.1834513545036316
746,0.3196832835674286
747,0.3778686225414276
748,0.421511709690094
749,0.09380951523780823
750,0.4083479940891266
751,0.14485284686088562
752,0.17543351650238037
753,0.3292503356933594
754,0.2457333207130432
755,0.2412627637386322
756,0.24422523379325867
757,0.3094852566719055
758,0.24496890604496002
759,0.33768099546432495
760,0.40778660774230957
761,0.2529572546482086
762,0.14501941204071045
763,0.25432491302490234
764,0.21526585519313812
765,0.422684907913208
766,0.3225793242454529
767,0.3129466474056244
768,0.25413548946380615
769,0.29909881949424744
770,0.34375765919685364
771,0.24355855584144592
772,0.3279992938041687
773,0.20525401830673218
774,0.3964429497718811
775,0.26008179783821106
776,0.3639718294143677
777,0.23929354548454285
778,0.2461487352848053
779,0.3394621014595032
780,0.31272202730178833
781,0.1771319955587387
782,0.4323241114616394
783,0.2639372944831848
784,0.34073394536972046
785,0.35119444131851196
786,0.558879017829895
787,0.24094939231872559
788,0.29814499616622925
789,0.5758379697799683
790,0.2852933704853058
791,0.193584144115448
792,0.18196436762809753
793,0.42951372265815735
794,0.3183181881904602
795,0.5801815390586853
796,0.5033186674118042
797,0.39596453309059143
798,0.12466311454772949
799,0.39208149909973145
800,0.2633781135082245
801,0.37365835905075073
802,0.06141023710370064
803,0.20896142721176147
804,0.36607038974761963
805,0.31595706939697266
806,0.14722493290901184
807,0.2068139910697937
808,0.5519949793815613
809,0.21051514148712158
810,0.3011453151702881
811,0.30895423889160156
812,0.12968625128269196
813,0.1583784520626068
814,0.1176261156797409
815,0.20088201761245728
816,0.18874911963939667
817,0.3888660967350006
818,0.4051170349121094
819,0.3385651409626007
820,0.4505654573440552
821,0.036105211824178696
822,0.40777379274368286
823,0.23036935925483704
824,0.32885533571243286
825,0.14649978280067444
826,0.04145283252000809
827,0.2837883234024048
828,0.23502245545387268
829,0.5194597840309143
830,0.26890817284584045
831,0.31719523668289185
832,0.4876148998737335
833,0.18984836339950562
834,0.2553598880767822
835,0.32303011417388916
836,0.43358343839645386
837,0.3628849983215332
838,0.20940810441970825
839,0.24535633623600006
840,0.1782732605934143
841,0.43914884328842163
842,0.28358733654022217
843,0.311922550201416
844,0.33889466524124146
845,0.3822106122970581
846,0.14593330025672913
847,0.3197333812713623
848,0.5520960092544556
849,0.23946848511695862
850,0.3604961037635803
851,0.422235906124115
852,0.4526326358318329
853,0.3617197871208191
854,0.373873770236969
855,0.19303062558174133
856,0.3064260482788086
857,0.32017678022384644
858,0.29605168104171753
859,0.4176172614097595
860,0.3108645975589752
861,0.3353005051612854
862,0.3190014362335205
863,0.48849785327911377
864,0.34253621101379395
865,0.12072081118822098
866,0.33805179595947266
867,0.36632877588272095
868,0.38792675733566284
869,0.3959915339946747
870,0.3649459183216095
871,0.08739060908555984
872,0.38596826791763306
873,0.32346203923225403
874,0.40512317419052124
875,0.14996430277824402
876,0.249908447265625
877,0.41691434383392334
878,0.19303074479103088
879,0.3551956117153168
880,0.3064737319946289
881,0.30642756819725037
882,0.36289846897125244
883,0.2691768705844879
884,0.3487260341644287
885,0.44744718074798584
886,0.4255697429180145
887,0.2899181842803955
888,0.41240325570106506
889,0.15409648418426514
890,0.5454964637756348
891,0.37529826164245605
892,0.15410557389259338
893,0.3235877752304077
894,0.45831114053726196
895,0.3325856626033783
896,0.27795785665512085
897,0.3612825274467468
898,0.2291685938835144
899,0.12176871299743652
900,0.5253892540931702
901,0.5138280391693115
902,0.1734674870967865
903,0.22743332386016846
904,0.1480547934770584
905,0.3396873474121094
906,0.28885138034820557
907,0.23726166784763336
908,0.2720276713371277
909,0.199722021818161
910,0.3368518352508545
911,0.2939174771308899
912,0.36279457807540894
913,0.13206148147583008
914,0.4354572892189026
915,0.5145453810691833
916,0.12309184670448303
917,0.49842989444732666
918,0.3100716471672058
919,0.31494784355163574
920,0.5033543109893799
921,0.18362674117088318
922,0.21774223446846008
923,0.5505537986755371
924,0.20268648862838745
925,0.21175409853458405
926,0.19238817691802979
927,0.5874685049057007
928,0.3436679244041443
929,0.3071996569633484
930,0.3604375123977661
931,0.19035401940345764
932,0.4245554804801941
933,0.4037148356437683
934,0.45809224247932434
935,0.45143377780914307
936,0.19493494927883148
937,0.25953546166419983
938,0.3171948194503784
939,0.20983164012432098
940,0.25715646147727966
941,0.07860994338989258
942,0.22902625799179077
943,0.36474961042404175
944,0.26644572615623474
945,0.19543235003948212
946,0.39750850200653076
947,0.22118239104747772
948,0.45636826753616333
949,0.258328378200531
950,0.3768916726112366
951,0.27403777837753296
952,0.37779319286346436
953,0.3802785277366638
954,0.2055833339691162
955,0.39894717931747437
956,0.3369179368019104
957,0.39025139808654785
958,0.4921468198299408
959,0.31916794180870056
960,0.1716299206018448
961,0.32441771030426025
962,0.38185304403305054
963,0.14987097680568695
964,0.4539887309074402
965,0.2767764925956726
966,0.3434325158596039
967,0.2535088062286377
968,0.1629336178302765
969,0.35125067830085754
970,0.29908856749534607
971,0.44499093294143677
972,0.30122214555740356
973,0.31621381640434265
974,0.19475103914737701
975,0.22497352957725525
976,0.3606446385383606
977,0.17993777990341187
978,0.2930721640586853
979,0.3629750609397888
980,0.22163164615631104
981,0.4824024438858032
982,0.2676774859428406
983,0.12331976741552353
984,0.19604246318340302
985,0.4136837422847748
986,0.3957863748073578
987,0.17907720804214478
988,0.2165738046169281
989,0.4121343493461609
990,0.09898144751787186
991,0.44667553901672363
992,0.3936832845211029
993,0.5944046378135681
994,0.3144990801811218
995,0.23690643906593323
996,0.229823499917984
997,0.4143643379211426
998,0.21029287576675415
999,0.48192012310028076
1000,0.45111769437789917
1001,0.09649313986301422
1002,0.2646290361881256
1003,0.30210575461387634
1004,0.15807759761810303
1005,0.1556137502193451
1006,0.32741135358810425
1007,0.29254913330078125
1008,0.22205032408237457
1009,0.49190402030944824
1010,0.12330581992864609
1011,0.3940090537071228
1012,0.19023172557353973
1013,0.36773160099983215
1014,0.46861404180526733
1015,0.38607311248779297
1016,0.32528069615364075
1017,0.09622512757778168
1018,0.2930927872657776
1019,0.05797094479203224
1020,0.28737935423851013
1021,0.12598440051078796
1022,0.4181704521179199
1023,0.23710677027702332
1024,0.3161032795906067
1025,0.2561441659927368
1026,0.5005773901939392
1027,0.23542550206184387
1028,0.2774563431739807
1029,0.3468743562698364
1030,0.22864016890525818
1031,0.1616586595773697
1032,0.21180342137813568
1033,0.4493202567100525
1034,0.25557592511177063
1035,0.3165571689605713
1036,0.3657926917076111
1037,0.5309081077575684
1038,0.16880248486995697
1039,0.6426739692687988
1040,0.2586977481842041
1041,0.10268481075763702
1042,0.4320965111255646
1043,0.2402406632900238
1044,0.43602627515792847
1045,0.31589528918266296
1046,0.40180641412734985
1047,0.5269348621368408
1048,0.33406272530555725
1049,0.3464800715446472
1050,0.3807339072227478
1051,0.3896371126174927
1052,0.2237618863582611
1053,0.3294753432273865
1054,0.14723172783851624
1055,0.4416508078575134
1056,0.15294764935970306
1057,0.35269421339035034
1058,0.49388861656188965
1059,0.38421720266342163
1060,0.39064109325408936
1061,0.4394614100456238
1062,0.3797021508216858
1063,0.13408221304416656
1064,0.4649960398674011
1065,0.3702213168144226
1066,0.31355562806129456
1067,0.3572580814361572
1068,0.44869107007980347
1069,0.6325949430465698
1070,0.34233152866363525
1071,0.33814042806625366
1072,0.2928609549999237
1073,0.13656291365623474
1074,0.19499117136001587
1075,0.4531150460243225
1076,0.3174283504486084
1077,0.31898289918899536
1078,0.43262678384780884
1079,0.42990463972091675
1080,0.2674590051174164
1081,0.42021870613098145
1082,0.21583709120750427
1083,0.08236934244632721
1084,0.4513240456581116
1085,0.2961787283420563
1086,0.31735318899154663
1087,0.24095304310321808
1088,0.18361103534698486
1089,0.10655228793621063
1090,0.46465158462524414
1091,0.1604488492012024
1092,0.31290578842163086
1093,0.2501765489578247
1094,0.29578450322151184
1095,0.2791430950164795
1096,0.4454251825809479
1097,0.24309130012989044
1098,0.3564356863498688
1099,0.2924281358718872
1100,0.5096196532249451
1101,0.3970075249671936
1102,0.19743919372558594
1103,0.19164875149726868
1104,0.23824338614940643
1105,0.2950197458267212
1106,0.3371427655220032
1107,0.25867950916290283
1108,0.5213867425918579
1109,0.30076348781585693
1110,0.20657113194465637
1111,0.3784070611000061
1112,0.35727477073669434
1113,0.38245469331741333
1114,0.4697277843952179
1115,0.025852255523204803
1116,0.3748847544193268
1117,0.43083417415618896
1118,0.523959755897522
1119,0.33112847805023193
1120,0.09671545028686523
1121,0.3921349048614502
1122,0.19519978761672974
1123,0.4993528723716736
1124,0.20831896364688873
1125,0.31985971331596375
1126,0.16980576515197754
1127,0.4269320070743561
1128,0.25648194551467896
1129,0.32529959082603455
1130,0.3699984848499298
1131,0.35328298807144165
1132,0.435418963432312
1133,0.3339466452598572
1134,0.31190329790115356
1135,0.44080159068107605
1136,0.1751030832529068
1137,0.5157045722007751
1138,0.5654932260513306
1139,0.32225972414016724
1140,0.2520393133163452
1141,0.19424551725387573
1142,0.4581533670425415
1143,0.3945994973182678
1144,0.32786303758621216
1145,0.3456868529319763
1146,0.34808698296546936
1147,0.3513360321521759
1148,0.2848533093929291
1149,0.4485662579536438
1150,0.19804921746253967
1151,0.6144355535507202
1152,0.3681642711162567
1153,0.35465314984321594
1154,0.24051523208618164
1155,0.23635008931159973
1156,0.3165332078933716
1157,0.5418363809585571
1158,0.3119427561759949
1159,0.36356043815612793
1160,0.3226352334022522
1161,0.28860393166542053
1162,0.4943658709526062
1163,0.25955554842948914
1164,0.31690335273742676
1165,0.2454308420419693
1166,0.17403669655323029
1167,0.29922184348106384
1168,0.31970638036727905
1169,0.1766914427280426
1170,0.5155863761901855
1171,0.3215635120868683
1172,0.14520367980003357
1173,0.21656543016433716
1174,0.2952449321746826
1175,0.3546171188354492
1176,0.2359941005706787
1177,0.4139653444290161
1178,0.3487081825733185
1179,0.570526659488678
1180,0.3936294913291931
1181,0.08673615008592606
1182,0.20645499229431152
1183,0.41300612688064575
1184,0.40939363837242126
1185,0.3182389736175537
1186,0.3461305797100067
1187,0.46483591198921204
1188,0.2121131718158722
1189,0.2007712572813034
1190,0.45220500230789185
1191,0.1243111714720726
1192,0.43277299404144287
1193,0.5108987092971802
1194,0.5724672675132751
1195,0.392020583152771
1196,0.1348223090171814
1197,0.2927605211734772
1198,0.2389080822467804
1199,0.35188692808151245
1200,0.3020612597465515
1201,0.33417272567749023
1202,0.3536762297153473
1203,0.41981780529022217
1204,0.27259203791618347
1205,0.483449250459671
1206,0.4543173611164093
1207,0.43637627363204956
1208,0.27007728815078735
1209,0.1708119958639145
1210,0.1746780127286911
1211,0.19425450265407562
1212,0.35698655247688293
1213,0.38450172543525696
1214,0.2246648669242859
1215,0.20456258952617645
1216,0.4131450951099396
1217,0.27765074372291565
1218,0.24627894163131714
1219,0.2617538869380951
1220,0.32734405994415283
1221,0.35543936491012573
1222,0.27297934889793396
1223,0.17564749717712402
1224,0.39241141080856323
1225,0.3590533137321472
1226,0.18281090259552002
1227,0.33406317234039307
1228,0.17613835632801056
1229,0.45417195558547974
1230,0.2503992021083832
1231,0.2047608345746994
1232,0.16140390932559967
1233,0.2532287836074829
1234,0.2606073021888733
1235,0.28252238035202026
1236,0.27968910336494446
1237,0.15251314640045166
1238,0.27308833599090576
1239,0.36519870162010193
1240,0.16049940884113312
1241,0.40839940309524536
1242,0.30315351486206055
1243,0.3245040774345398
1244,0.159992516040802
1245,0.23454302549362183
1246,0.3243476152420044
1247,0.415444552898407
1248,0.30977365374565125
1249,0.17199131846427917
1250,0.17604674398899078
1251,0.551973819732666
1252,0.6969085931777954
1253,0.21549400687217712
1254,0.16101357340812683
1255,0.35470375418663025
1256,0.38184934854507446
1257,0.5280672907829285
1258,0.35083651542663574
1259,0.28388261795043945
1260,0.4474525451660156
1261,0.1364496350288391
1262,0.6807785630226135
1263,0.5212141871452332
1264,0.22061429917812347
1265,0.3083248734474182
1266,0.49155163764953613
1267,0.3677806854248047
1268,0.2992808222770691
1269,0.3978627324104309
1270,0.2983361482620239
1271,0.21176409721374512
1272,0.48526304960250854
1273,0.2891281247138977
1274,0.12245567888021469
1275,0.3899551033973694
1276,0.29981058835983276
1277,0.3452306091785431
1278,0.2920113801956177
1279,0.341167151927948
1280,0.3312447667121887
1281,0.30377113819122314
1282,0.25564414262771606
1283,0.2536732852458954
1284,0.34719938039779663
1285,0.2913750410079956
1286,0.37607502937316895
1287,0.2662505805492401
1288,0.23382297158241272
1289,0.35508501529693604
1290,0.2545424997806549
1291,0.183113694190979
1292,0.23602892458438873
1293,0.3342169523239136
1294,0.22787058353424072
1295,0.49652355909347534
1296,0.5437858700752258
1297,0.34687504172325134
1298,0.17841804027557373
1299,0.4233085811138153
1300,0.2004610151052475
1301,0.19758954644203186
1302,0.5005345344543457
1303,0.2925969362258911
1304,0.13996298611164093
1305,0.36647939682006836
1306,0.23293933272361755
1307,0.38127946853637695
1308,0.4290291666984558
1309,0.2485736608505249
1310,0.16477788984775543
1311,0.2844964861869812
1312,0.32217785716056824
1313,0.5686396360397339
1314,0.499941349029541
1315,0.41730308532714844
1316,0.31535038352012634
1317,0.3144633173942566
1318,0.27058321237564087
1319,0.46696382761001587
1320,0.2749493718147278
1321,0.39874494075775146
1322,0.32759588956832886
1323,0.22650304436683655
1324,0.1855020821094513
1325,0.24580638110637665
1326,0.13058438897132874
1327,0.4389326572418213
1328,0.3749169111251831
1329,0.25203728675842285
1330,0.3107403516769409
1331,0.5069710612297058
1332,0.37477606534957886
1333,0.30607426166534424
1334,0.24595345556735992
1335,0.19274550676345825
1336,0.2830354869365692
1337,0.3522023558616638
1338,0.4247620105743408
1339,0.2769731879234314
1340,0.4082518517971039
1341,0.40914633870124817
1342,0.3003867566585541
1343,0.16289103031158447
1344,0.14219075441360474
1345,0.2248038351535797
1346,0.16550037264823914
1347,0.4955412745475769
1348,0.20197445154190063
1349,0.33839738368988037
1350,0.48723727464675903
1351,0.3049921691417694
1352,0.26223862171173096
1353,0.313499391078949
1354,0.41784489154815674
1355,0.09275396168231964
1356,0.42018285393714905
1357,0.3737022876739502
1358,0.47394803166389465
1359,0.29068735241889954
1360,0.3200659155845642
1361,0.20601786673069
1362,0.1874333918094635
1363,0.07477597147226334
1364,0.048598356544971466
1365,0.17875999212265015
1366,0.4130781292915344
1367,0.3031935691833496
1368,0.278461217880249
1369,0.4088406264781952
1370,0.289907842874527
1371,0.5032843351364136
1372,0.16561126708984375
1373,0.27722135186195374
1374,0.24698901176452637
1375,0.2565734386444092
1376,0.3982301354408264
1377,0.347805380821228
1378,0.5564846992492676
1379,0.5032162666320801
1380,0.4506077766418457
1381,0.24392616748809814
1382,0.19731126725673676
1383,0.30606400966644287
1384,0.23059605062007904
1385,0.38319551944732666
1386,0.3318699896335602
1387,0.31157463788986206
1388,0.3042243719100952
1389,0.20999515056610107
1390,0.23331737518310547
1391,0.33423811197280884
1392,0.6037052273750305
1393,0.3011833429336548
1394,0.3592813313007355
1395,0.5712516903877258
1396,0.33565598726272583
1397,0.40241265296936035
1398,0.4395771920681
1399,0.33915966749191284
1400,0.29027029871940613
1401,0.36257404088974
1402,0.20594263076782227
1403,0.11812755465507507
1404,0.18324963748455048
1405,0.20118960738182068
1406,0.5089428424835205
1407,0.4732252359390259
1408,0.28435343503952026
1409,0.3122097849845886
1410,0.23483175039291382
1411,0.28671935200691223
1412,0.3895142078399658
1413,0.20273028314113617
1414,0.1965893656015396
1415,0.32572221755981445
1416,0.4133182168006897
1417,0.17809179425239563
1418,0.31505268812179565
1419,0.1400047242641449
1420,0.330808162689209
1421,0.16111984848976135
1422,0.4377533197402954
1423,0.3918823301792145
1424,0.07726872712373734
1425,0.23611769080162048
1426,0.40118640661239624
1427,0.20849595963954926
1428,0.12361955642700195
1429,0.1509801745414734
1430,0.42091259360313416
1431,0.21942061185836792
1432,0.2531927824020386
1433,0.3251006603240967
1434,0.4746870994567871
1435,0.3873577117919922
1436,0.22337692975997925
1437,0.44530850648880005
1438,0.2061735987663269
1439,0.3260330557823181
1440,0.13901957869529724
1441,0.2510203719139099
1442,0.19705943763256073
1443,0.554881751537323
1444,0.2143719345331192
1445,0.3905864357948303
1446,0.2310687005519867
1447,0.33919915556907654
1448,0.27867984771728516
1449,0.10460036993026733
1450,0.3140941262245178
1451,0.4670025110244751
1452,0.21275709569454193
1453,0.3929688036441803
1454,0.33433055877685547
1455,0.1972673535346985
1456,0.09783387184143066
1457,0.4871746301651001
1458,0.3833528161048889
1459,0.3202998638153076
1460,0.3009476065635681
1461,0.13750751316547394
1462,0.2964027523994446
1463,0.37326645851135254
1464,0.14625871181488037
1465,0.17370641231536865
1466,0.3755263388156891
1467,0.2855454981327057
1468,0.319240927696228
1469,0.20436865091323853
1470,0.4060530662536621
1471,0.300938218832016
1472,0.2712608575820923
1473,0.419270396232605
1474,0.3793550729751587
1475,0.4037560224533081
1476,0.28816893696784973
1477,0.17425817251205444
1478,0.09258973598480225
1479,0.4630185067653656
1480,0.2351030856370926
1481,0.2722753882408142
1482,0.20290856063365936
1483,0.25028449296951294
1484,0.3196423649787903
1485,0.31151989102363586
1486,0.21736620366573334
1487,0.2439797818660736
1488,0.48440688848495483
1489,0.40347832441329956
1490,0.29744622111320496
1491,0.21946874260902405
1492,0.22205108404159546
1493,0.34423163533210754
1494,0.19902783632278442
1495,0.37580475211143494
1496,0.36689287424087524
1497,0.2545808255672455
1498,0.19487732648849487
1499,0.1021043136715889
1500,0.2125316858291626
1501,0.19895315170288086
1502,0.2654048800468445
1503,0.2830013036727905
1504,0.44847244024276733
1505,0.15187914669513702
1506,0.25604480504989624
1507,0.3263547420501709
1508,0.2497621774673462
1509,0.38004955649375916
1510,0.30322229862213135
1511,0.29596519470214844
1512,0.3537610173225403
1513,0.12765121459960938
1514,0.297407329082489
1515,0.27795928716659546
1516,0.3377419710159302
1517,0.3036605715751648
1518,0.27818822860717773
1519,0.4685782194137573
1520,0.29534173011779785
1521,0.3655117452144623
1522,0.5566092729568481
1523,0.47329384088516235
1524,0.4696044325828552
1525,0.2535244822502136
1526,0.584325909614563
1527,0.3912016749382019
1528,0.1974371075630188
1529,0.4845746159553528
1530,0.22452691197395325
1531,0.14793719351291656
1532,0.3062114119529724
1533,0.33319541811943054
1534,0.21959513425827026
1535,0.3782343566417694
1536,0.3630443215370178
1537,0.06712950021028519
1538,0.5002773404121399
1539,0.19784754514694214
1540,0.4582914113998413
1541,0.26409536600112915
1542,0.23788686096668243
1543,0.3924788534641266
1544,0.34147337079048157
1545,0.45233410596847534
1546,0.4557095170021057
1547,0.27690789103507996
1548,0.4090774357318878
1549,0.5987340211868286
1550,0.382711797952652
1551,0.3155199885368347
1552,0.28669047355651855
1553,0.36381101608276367
1554,0.3445190191268921
1555,0.235186368227005
1556,0.24074842035770416
1557,0.36642029881477356
1558,0.42780911922454834
1559,0.3406427204608917
1560,0.16590632498264313
1561,0.32118886709213257
1562,0.08952818810939789
1563,0.2409229725599289
1564,0.38246798515319824
1565,0.37454700469970703
1566,0.30775323510169983
1567,0.17228153347969055
1568,0.20754724740982056
1569,0.34752362966537476
1570,0.30148419737815857
1571,0.49205365777015686
1572,0.18470823764801025
1573,0.3277277946472168
1574,0.2909073531627655
1575,0.32114797830581665
1576,0.3127290904521942
1577,0.2921130657196045
1578,0.2933449149131775
1579,0.2319100946187973
1580,0.2500748038291931
1581,0.464912474155426
1582,0.2985145151615143
1583,0.45076507329940796
1584,0.41366612911224365
1585,0.27120357751846313
1586,0.2526795566082001
1587,0.32870033383369446
1588,0.21498951315879822
1589,0.366574764251709
1590,0.3410896360874176
1591,0.40882039070129395
1592,0.1508152335882187
1593,0.4205509424209595
1594,0.4461916387081146
1595,0.2815428376197815
1596,0.22319717705249786
1597,0.2534570097923279
1598,0.1822836548089981
1599,0.46441683173179626
1600,0.23010393977165222
1601,0.28569334745407104
1602,0.5109922289848328
1603,0.32351887226104736
1604,0.3816966712474823
1605,0.400821328163147
1606,0.3339810371398926
1607,0.16332074999809265
1608,0.11852504312992096
1609,0.32049623131752014
1610,0.540854811668396
1611,0.32067471742630005
1612,0.1547308713197708
1613,0.411996066570282
1614,0.5287363529205322
1615,0.19793424010276794
1616,0.4309881925582886
1617,0.11806930601596832
1618,0.05747034400701523
1619,0.2731713652610779
1620,0.2302195429801941
1621,0.37444257736206055
1622,0.46530282497406006
1623,0.2999851405620575
1624,0.2721807360649109
1625,0.17444072663784027
1626,0.466552734375
1627,0.2718084156513214
1628,0.40024495124816895
1629,0.5474228858947754
1630,0.36323851346969604
1631,0.5211670994758606
1632,0.19816836714744568
1633,0.40784966945648193
1634,0.2882695198059082
1635,0.5443009734153748
1636,0.2909806966781616
1637,0.1615622639656067
1638,0.4842069745063782
1639,0.500144898891449
1640,0.14494137465953827
1641,0.23255915939807892
1642,0.3495473861694336
1643,0.3736887574195862
1644,0.13244235515594482
1645,0.11371372640132904
1646,0.12320628017187119
1647,0.2616944909095764
1648,0.4144665002822876
1649,0.3427108824253082
1650,0.0848613977432251
1651,0.3785284757614136
1652,0.5014184713363647
1653,0.21926307678222656
1654,0.299105703830719
1655,0.2856132388114929
1656,0.2996578812599182
1657,0.21787235140800476
1658,0.3485557436943054
1659,0.3125777244567871
1660,0.3189980983734131
1661,0.3480614423751831
1662,0.23426586389541626
1663,0.26299068331718445
1664,0.4775460362434387
1665,0.536811888217926
1666,0.3647155165672302
1667,0.3668261766433716
1668,0.16568005084991455
1669,0.20079374313354492
1670,0.4401511251926422
1671,0.41593635082244873
1672,0.2911432385444641
1673,0.34939342737197876
1674,0.1921987682580948
1675,0.1417904496192932
1676,0.2638654112815857
1677,0.334978848695755
1678,0.294473797082901
1679,0.21564558148384094
1680,0.3572612404823303
1681,0.20307883620262146
1682,0.07758418470621109
1683,0.3496352732181549
1684,0.21879339218139648
1685,0.4087491035461426
1686,0.18690092861652374
1687,0.38386520743370056
1688,0.32895806431770325
1689,0.18660908937454224
1690,0.3476141691207886
1691,0.39324915409088135
1692,0.23236829042434692
1693,0.19793424010276794
1694,0.6504802703857422
1695,0.16965393722057343
1696,0.37713783979415894
1697,0.3730766773223877
1698,0.18529319763183594
1699,0.30084460973739624
1700,0.4544258117675781
1701,0.20987683534622192
1702,0.3165321350097656
1703,0.5336993932723999
1704,0.3883647918701172
1705,0.2717217206954956
1706,0.3326166868209839
1707,0.282390832901001
1708,0.3401363790035248
1709,0.11416204273700714
1710,0.3428957760334015
1711,0.35945093631744385
1712,0.23416616022586823
1713,0.3091731369495392
1714,0.3552153706550598
1715,0.5111023187637329
1716,0.2818853557109833
1717,0.26816171407699585
1718,0.4911397099494934
1719,0.2887097895145416
1720,0.09618323296308517
1721,0.27266067266464233
1722,0.4665665924549103
1723,0.21461644768714905
1724,0.3648836314678192
1725,0.3380725383758545
1726,0.5763287544250488
1727,0.19194483757019043
1728,0.3881078362464905
1729,0.17670729756355286
1730,0.16495327651500702
1731,0.15482597053050995
1732,0.30247634649276733
1733,0.09414111077785492
1734,0.22439110279083252
1735,0.2429463267326355
1736,0.3662604093551636
1737,0.5114718675613403
1738,0.29487231373786926
1739,0.2290307730436325
1740,0.5481109619140625
1741,0.41056889295578003
1742,0.31413698196411133
1743,0.4350190758705139
1744,0.3187565505504608
1745,0.35823526978492737
1746,0.3893823027610779
1747,0.4770875573158264
1748,0.22946465015411377
1749,0.42931878566741943
1750,0.43304091691970825
1751,0.3786889314651489
1752,0.39326444268226624
1753,0.39332306385040283
1754,0.3198202848434448
1755,0.18374331295490265
1756,0.3984752297401428
1757,0.233888179063797
1758,0.17650243639945984
1759,0.2134375274181366
1760,0.4297141432762146
1761,0.16898158192634583
1762,0.21507710218429565
1763,0.37515848875045776
1764,0.3242226839065552
1765,0.3462124466896057
1766,0.3134409785270691
1767,0.36929377913475037
1768,0.2667858600616455
1769,0.3471629023551941
1770,-0.02097563073039055
1771,0.4094799757003784
1772,0.18148273229599
1773,0.15522132813930511
1774,0.40130579471588135
1775,0.244785338640213
1776,0.2767705023288727
1777,0.17998571693897247
1778,0.1648772954940796
1779,0.011011529713869095
1780,0.19942080974578857
1781,0.08448959141969681
1782,0.38491812348365784
1783,0.2722470760345459
1784,0.34075766801834106
1785,0.3168491721153259
1786,0.06420892477035522
1787,0.3872816562652588
1788,0.41289088129997253
1789,0.20047976076602936
1790,0.37763112783432007
1791,0.47440582513809204
1792,0.3939819931983948
1793,0.575080394744873
1794,0.21576260030269623
1795,0.34165143966674805
1796,0.4042719006538391
1797,0.1634385585784912
1798,0.22478169202804565
1799,0.23702149093151093
1800,0.6903470754623413
1801,0.4592544436454773
1802,0.45712703466415405
1803,0.2493450939655304
1804,0.33650708198547363
1805,0.22805790603160858
1806,0.3820432424545288
1807,0.37782496213912964
1808,0.24950972199440002
1809,0.3055236041545868
1810,0.29102298617362976
1811,0.2968502640724182
1812,0.2379625141620636
1813,0.21159076690673828
1814,0.4977066218852997
1815,0.22157961130142212
1816,0.12411748617887497
1817,0.32603898644447327
1818,0.45900169014930725
1819,0.378424733877182
1820,0.2114018350839615
1821,0.21073484420776367
1822,0.213300883769989
1823,0.3755604028701782
1824,0.3627501130104065
1825,0.33665597438812256
1826,0.29573994874954224
1827,0.47677671909332275
1828,0.5049140453338623
1829,0.5192022323608398
1830,0.43404871225357056
1831,0.37137192487716675
1832,0.2586097717285156
1833,0.51801598072052
1834,0.4448654353618622
1835,0.17121584713459015
1836,0.30267956852912903
1837,0.33921146392822266
1838,0.17537370324134827
1839,0.39919620752334595
1840,0.5150055289268494
1841,0.2913387417793274
1842,0.3777061998844147
1843,0.25196295976638794
1844,0.3148775100708008
1845,0.32668477296829224
1846,0.11001021414995193
1847,0.4421337842941284
1848,0.132724791765213
1849,0.5025200843811035
1850,0.570692777633667
1851,0.31852930784225464
1852,0.30698806047439575
1853,0.3277709484100342
1854,0.30162060260772705
1855,0.19780124723911285
1856,0.34671682119369507
1857,0.2899842858314514
1858,0.32049793004989624
1859,0.5930252075195312
1860,0.2769848704338074
1861,0.5399761199951172
1862,0.23586821556091309
1863,0.38821834325790405
1864,0.2961350977420807
1865,0.09689395129680634
1866,0.12927208840847015
1867,0.36439651250839233
1868,0.34673869609832764
1869,0.21987634897232056
1870,0.3496130108833313
1871,0.19656357169151306
1872,0.3904881477355957
1873,0.5623490810394287
1874,0.173354372382164
1875,0.35361552238464355
1876,0.16435232758522034
1877,0.26501113176345825
1878,0.5628424882888794
1879,0.3532795011997223
1880,0.4627007246017456
1881,0.3091241717338562
1882,0.2774845361709595
1883,0.3060224652290344
1884,0.4308132827281952
1885,0.30157434940338135
1886,0.5427427291870117
1887,0.29811161756515503
1888,0.3352968692779541
1889,0.2532142996788025
1890,0.23367354273796082
1891,0.4792620539665222
1892,0.3732183575630188
1893,0.3071877062320709
1894,0.3206070065498352
1895,0.4087978005409241
1896,0.43787485361099243
1897,0.3425232470035553
1898,0.39519062638282776
1899,0.3177568316459656
1900,0.2925637662410736
1901,0.3979235887527466
1902,0.4997478127479553
1903,0.28707191348075867
1904,0.2917974591255188
1905,0.13238829374313354
1906,0.3122576177120209
1907,0.40577059984207153
1908,0.23427507281303406
1909,0.44267046451568604
1910,0.3064013123512268
1911,0.42530685663223267
1912,0.3806489109992981
1913,0.12605293095111847
1914,0.2198268473148346
1915,0.3874409794807434
1916,0.5363191366195679
1917,0.481966495513916
1918,0.23348933458328247
1919,0.04880579933524132
1920,0.09304878115653992
1921,0.2245853990316391
1922,0.29874658584594727
1923,0.34746676683425903
1924,0.09907612204551697
1925,0.3692762851715088
1926,0.5161783695220947
1927,0.44503432512283325
1928,0.6211885213851929
1929,0.34176409244537354
1930,0.2282177209854126
1931,0.4509908854961395
1932,0.18960437178611755
1933,0.3970370888710022
1934,0.2657639682292938
1935,0.23116496205329895
1936,0.3409792482852936
1937,0.42146530747413635
1938,0.15455135703086853
1939,0.45686137676239014
1940,0.5546388030052185
1941,0.3902004063129425
1942,0.26878994703292847
1943,0.30427441000938416
1944,0.38160112500190735
1945,0.14088138937950134
1946,0.38988327980041504
1947,0.3355892300605774
1948,0.22454068064689636
1949,0.43946582078933716
1950,0.1527387797832489
1951,0.38193005323410034
1952,0.11895100772380829
1953,0.5168177485466003
1954,0.4009701609611511
1955,0.2730429768562317
1956,0.25959184765815735
1957,0.49670886993408203
1958,0.17172256112098694
1959,0.2744823694229126
1960,0.26431673765182495
1961,0.31833451986312866
1962,0.14446020126342773
1963,0.3696783483028412
1964,0.4587666392326355
1965,0.28832748532295227
1966,0.48848944902420044
1967,0.2578921616077423
1968,0.2345048487186432
1969,0.29525887966156006
1970,0.4231482148170471
1971,0.20859363675117493
1972,0.23438119888305664
1973,0.4302549362182617
1974,0.3640214204788208
1975,0.1714540421962738
1976,0.2988455295562744
1977,0.3157743215560913
1978,0.17110206186771393
1979,0.415462851524353
1980,0.1873449683189392
1981,0.39538708329200745
1982,0.09539385885000229
1983,0.3098929822444916
1984,0.1837286800146103
1985,0.26602447032928467
1986,0.3030460476875305
1987,0.3292384147644043
1988,0.3013274669647217
1989,0.29488712549209595
1990,0.10876577347517014
1991,0.164528027176857
1992,0.48300701379776
1993,0.642979621887207
1994,0.2692749798297882
1995,0.26142239570617676
1996,0.4807228446006775
1997,0.21921613812446594
1998,0.2363877296447754
1999,0.4436241090297699
2000,0.2172514796257019
2001,0.18683594465255737
2002,0.2702369689941406
2003,0.528342604637146
2004,0.21135830879211426
2005,0.4710771441459656
2006,0.32502326369285583
2007,0.26961666345596313
2008,0.27602091431617737
2009,0.4901620149612427
2010,0.3261371850967407
2011,0.2874894142150879
2012,0.1879763901233673
2013,0.27182966470718384
2014,0.19470074772834778
2015,0.4160195589065552
2016,0.33004939556121826
2017,0.43779614567756653
2018,0.4703369140625
2019,0.28045645356178284
2020,0.2571243643760681
2021,0.46133533120155334
2022,0.341696172952652
2023,0.46033746004104614
2024,0.41453734040260315
2025,0.38870078325271606
2026,0.29353994131088257
2027,0.23773178458213806
2028,0.06029988080263138
2029,0.37496575713157654
2030,0.29463523626327515
2031,0.31005746126174927
2032,0.2595274746417999
2033,0.060593925416469574
2034,0.5101917386054993
2035,0.3439174294471741
2036,0.15893813967704773
2037,0.14097487926483154
2038,0.27079951763153076
2039,0.22847166657447815
2040,0.21955418586730957
2041,0.1001441478729248
2042,0.30007070302963257
2043,0.42636892199516296
2044,0.4847855865955353
2045,0.4500184953212738
2046,0.344793438911438
2047,0.39465248584747314
2048,0.32243263721466064
2049,0.4696708917617798
2050,0.22035542130470276
2051,0.24216744303703308
2052,0.3178074359893799
2053,0.23072217404842377
2054,0.21776968240737915
2055,0.2252403199672699
2056,0.3051750063896179
2057,0.1771911382675171
2058,0.20979511737823486
2059,0.4282855987548828
2060,0.21576373279094696
2061,0.39228618144989014
2062,0.20025405287742615
2063,0.19234612584114075
2064,0.3627419173717499
2065,0.30828961730003357
2066,0.17604553699493408
2067,0.23123423755168915
2068,0.2743297517299652
2069,0.33178645372390747
2070,0.24472841620445251
2071,0.20331335067749023
2072,0.43276625871658325
2073,0.0343627966940403
2074,0.15838783979415894
2075,0.1807079166173935
2076,0.2150595486164093
2077,0.3735998272895813
2078,0.1957108974456787
2079,0.23347657918930054
2080,0.21702159941196442
2081,0.30952227115631104
2082,0.27535325288772583
2083,0.2993965148925781
2084,0.4152069389820099
2085,0.2862760126590729
2086,0.428213506937027
2087,-0.05327347666025162
2088,0.32348501682281494
2089,0.49519965052604675
2090,0.34022587537765503
2091,0.2735009491443634
2092,0.40224701166152954
2093,0.2915932238101959
2094,0.08978261053562164
2095,0.2838686406612396
2096,0.35702067613601685
2097,0.3056502342224121
2098,0.3547747731208801
2099,0.1407850980758667
2100,0.07933059334754944
2101,0.37616676092147827
2102,0.34388425946235657
2103,0.2799620032310486
2104,0.11302467435598373
2105,0.32532867789268494
2106,0.08730421960353851
2107,0.41231006383895874
2108,0.26913589239120483
2109,0.2925013303756714
2110,0.42971688508987427
2111,0.4489303231239319
2112,0.463986337184906
2113,0.26696884632110596
2114,0.4650050103664398
2115,0.34167835116386414
2116,0.3288686275482178
2117,0.1319451928138733
2118,0.2366676777601242
2119,0.15387070178985596
2120,0.33402901887893677
2121,0.4491317868232727
2122,0.20618438720703125
2123,0.20518910884857178
2124,0.24477368593215942
2125,0.16411100327968597
2126,0.38592368364334106
2127,0.37779852747917175
2128,0.20309989154338837
2129,0.2775211036205292
2130,0.17355307936668396
2131,0.3240946829319
2132,0.4378434717655182
2133,0.4417925775051117
2134,0.23502640426158905
2135,0.11531209200620651
2136,0.20230011641979218
2137,0.10656646639108658
2138,0.28200531005859375
2139,0.25133103132247925
2140,0.36500266194343567
2141,0.2762915790081024
2142,0.28147459030151367
2143,0.4674414396286011
2144,0.2209669053554535
2145,0.41224145889282227
2146,0.23733776807785034
2147,0.3005204200744629
2148,0.20670193433761597
2149,0.4071003794670105
2150,0.42594850063323975
2151,0.4154549539089203
2152,0.3132174611091614
2153,0.23144060373306274
2154,0.16935470700263977
2155,0.43717724084854126
2156,0.3447267413139343
2157,0.31167072057724
2158,0.23909419775009155
2159,0.32758569717407227
2160,0.48712027072906494
2161,0.43043947219848633
2162,0.354229599237442
2163,0.11505535244941711
2164,0.2628736197948456
2165,0.19721448421478271
2166,0.5026918649673462
2167,0.22711312770843506
2168,0.1474723517894745
2169,0.4500637650489807
2170,0.288205623626709
2171,0.24771544337272644
2172,0.31617045402526855
2173,0.3527892231941223
2174,0.23250514268875122
2175,0.13065655529499054
2176,0.42398035526275635
2177,0.2160508781671524
2178,0.3911561369895935
2179,0.39885854721069336
2180,0.27898451685905457
2181,0.40943044424057007
2182,0.38021957874298096
2183,0.26753267645835876
2184,0.12473693490028381
2185,0.16876567900180817
2186,0.16147102415561676
2187,0.31881529092788696
2188,0.29959407448768616
2189,0.3505575656890869
2190,0.3467220962047577
2191,0.35366004705429077
2192,0.21264010667800903
2193,0.24026964604854584
2194,0.27394211292266846
2195,0.17040804028511047
2196,0.3448605537414551
2197,0.2865551710128784
2198,0.26497822999954224
2199,0.1097821444272995
2200,0.2685183584690094
2201,0.39456409215927124
2202,0.12141227722167969
2203,0.561927080154419
2204,0.42980706691741943
2205,0.47465503215789795
2206,0.4681912064552307
2207,0.26844364404678345
2208,0.2154877781867981
2209,0.29623740911483765
2210,0.46739643812179565
2211,0.41701674461364746
2212,0.12609128654003143
2213,0.49403116106987
2214,0.1550694704055786
2215,0.2679975628852844
2216,0.38453471660614014
2217,0.07773182541131973
2218,0.3081643581390381
2219,0.5632448196411133
2220,0.42976000905036926
2221,0.27918267250061035
2222,0.4414328932762146
2223,0.4661012589931488
2224,0.3933171331882477
2225,0.39842090010643005
2226,0.1349041759967804
2227,0.2222958654165268
2228,0.019427621737122536
2229,0.3000577688217163
2230,0.39371755719184875
2231,0.2848838269710541
2232,0.3783724308013916
2233,0.4727746546268463
2234,0.24445314705371857
2235,0.3561825752258301
2236,0.18160481750965118
2237,0.3355131149291992
2238,0.42661407589912415
2239,0.36936336755752563
2240,0.3990556597709656
2241,0.32427477836608887
2242,0.28663569688796997
2243,0.21186912059783936
2244,0.19029998779296875
2245,0.38525140285491943
2246,0.3805268406867981
2247,0.23091942071914673
2248,0.32682162523269653
2249,0.37613996863365173
2250,0.5624024868011475
2251,0.1559872031211853
2252,0.14982250332832336
2253,0.23235119879245758
2254,0.3405493199825287
2255,0.30498722195625305
2256,0.31900471448898315
2257,0.21755526959896088
2258,0.4836018681526184
2259,0.4219869375228882
2260,0.309722900390625
2261,0.24154223501682281
2262,0.45725327730178833
2263,0.2607957124710083
2264,0.36043456196784973
2265,0.6071820259094238
2266,0.23530298471450806
2267,0.35673823952674866
2268,0.1504444181919098
2269,0.35207435488700867
2270,0.4421560764312744
2271,0.26809871196746826
2272,0.4616754651069641
2273,0.05870500206947327
2274,0.23098015785217285
2275,0.2828792929649353
2276,0.3593496084213257
2277,0.20932981371879578
2278,0.17398971319198608
2279,0.3762800097465515
2280,0.3061932921409607
2281,0.1178566962480545
2282,0.5880346298217773
2283,0.15915022790431976
2284,1.000000238418579
2285,0.3634181022644043
2286,0.3016698360443115
2287,0.22004547715187073
2288,0.1716718226671219
2289,0.395064115524292
2290,0.3058164715766907
2291,0.27466124296188354
2292,0.16281689703464508
2293,0.37263044714927673
2294,0.26000264286994934
2295,0.40233516693115234
2296,0.2826734483242035
2297,0.5751999616622925
2298,0.12924885749816895
2299,0.3558792173862457
2300,0.38370439410209656
2301,0.49197179079055786
2302,0.36388686299324036
2303,0.43205946683883667
2304,0.12973344326019287
2305,0.2516934275627136
2306,0.37882065773010254
2307,0.2105630487203598
2308,0.4225066900253296
2309,0.07913673669099808
2310,0.2474665343761444
2311,0.26758795976638794
2312,0.3084981441497803
2313,0.6185656785964966
2314,0.161260187625885
2315,0.45008182525634766
2316,0.22199682891368866
2317,0.32137531042099
2318,0.1365543007850647
2319,0.4565728008747101
2320,0.17470991611480713
2321,0.4394392967224121
2322,0.38856226205825806
2323,0.31933045387268066
2324,0.3741677403450012
2325,0.46022745966911316
2326,0.33437851071357727
2327,0.42381322383880615
2328,0.19829213619232178
2329,0.2537515163421631
2330,0.43995437026023865
2331,0.602169394493103
2332,0.22797903418540955
2333,0.2847207188606262
2334,0.1838366538286209
2335,0.42104431986808777
2336,0.188007652759552
2337,0.1785702407360077
2338,0.2016446739435196
2339,0.34491121768951416
2340,0.3920513391494751
2341,0.21166878938674927
2342,0.2190546989440918
2343,0.4479333758354187
2344,0.37844857573509216
2345,0.21062538027763367
2346,0.35311710834503174
2347,0.4414820075035095
2348,0.3229442834854126
2349,0.3207642138004303
2350,0.2968977987766266
2351,0.5142702460289001
2352,0.32863569259643555
2353,0.23979420959949493
2354,0.38507401943206787
2355,0.38453757762908936
2356,0.33205848932266235
2357,0.15738485753536224
2358,0.3193802833557129
2359,0.2977658212184906
2360,0.41859328746795654
2361,0.10984838008880615
2362,0.5380779504776001
2363,0.36489102244377136
2364,0.4246126115322113
2365,0.3301408588886261
2366,0.4440951347351074
2367,0.3660511374473572
2368,0.24128803610801697
2369,0.24801141023635864
2370,0.3766288161277771
2371,0.3497222065925598
2372,0.2731996774673462
2373,0.575000524520874
2374,0.4173218607902527
2375,0.3802880346775055
2376,0.29405999183654785
2377,0.6293972730636597
2378,0.15278230607509613
2379,0.3406261205673218
2380,0.2963721752166748
2381,0.3257492184638977
2382,0.2529633939266205
2383,0.49554115533828735
2384,0.3608216345310211
2385,0.30277320742607117
2386,0.18190684914588928
2387,0.18479198217391968
2388,0.27489155530929565
2389,0.27441996335983276
2390,0.41855835914611816
2391,0.3561241030693054
2392,0.21633654832839966
2393,0.22145023941993713
2394,0.27127766609191895
2395,0.654634952545166
2396,0.3051877021789551
2397,0.2954532206058502
2398,0.28682196140289307
2399,0.120521679520607
2400,0.19942396879196167
2401,0.14253151416778564
2402,0.2649289667606354
2403,0.2643895447254181
2404,0.22539952397346497
2405,0.30168405175209045
2406,0.2006845772266388
2407,0.3181270658969879
2408,0.2631756067276001
2409,0.6553415656089783
2410,0.29413679242134094
2411,0.5049583911895752
2412,0.27280324697494507
2413,0.17173072695732117
2414,0.14959374070167542
2415,0.36697933077812195
2416,0.4109886884689331
2417,0.2838364839553833
2418,0.15752321481704712
2419,0.30023762583732605
2420,0.3569241762161255
2421,0.04189180210232735
2422,0.26593297719955444
2423,0.4751964509487152
2424,0.42432528734207153
2425,0.338094562292099
2426,0.1665048450231552
2427,0.37897196412086487
2428,0.3682759404182434
2429,0.33203649520874023
2430,0.28015920519828796
2431,0.06734148412942886
2432,0.3974464535713196
2433,0.23512166738510132
2434,0.025713779032230377
2435,0.13353413343429565
2436,0.37251806259155273
2437,0.31755056977272034
2438,0.29350000619888306
2439,0.43626999855041504
2440,0.39220696687698364
2441,0.36777251958847046
2442,0.39623376727104187
2443,0.42474302649497986
2444,0.28199005126953125
2445,0.19758939743041992
2446,0.1521230936050415
2447,0.3650510609149933
2448,0.351168155670166
2449,0.33276379108428955
2450,0.25439608097076416
2451,0.28945469856262207
2452,0.24144354462623596
2453,0.36005669832229614
2454,0.20349925756454468
2455,0.32361578941345215
2456,0.24804088473320007
2457,0.580642580986023
2458,0.2850398123264313
2459,0.4037250876426697
2460,0.3237743675708771
2461,0.37074577808380127
2462,0.36115825176239014
2463,0.3496042788028717
2464,0.1964069902896881
2465,0.3982933759689331
2466,0.4870186448097229
2467,0.3442283868789673
2468,0.5511952042579651
2469,0.2048989236354828
2470,0.4593653082847595
2471,0.22580307722091675
2472,0.4332076907157898
2473,0.3739067614078522
2474,0.4694898724555969
2475,0.07741086184978485
2476,0.37980183959007263
2477,0.24983571469783783
2478,0.3710327744483948
2479,0.3830219805240631
2480,0.11089292168617249
2481,0.2670825123786926
2482,0.24591517448425293
2483,0.13542796671390533
2484,0.2717747390270233
2485,0.3614646792411804
2486,0.09408178925514221
2487,0.33766844868659973
2488,0.3650115728378296
2489,0.41257381439208984
2490,0.431862473487854
2491,0.36170995235443115
2492,0.3655535578727722
2493,0.3382689654827118
2494,0.17506569623947144
2495,0.17566397786140442
2496,0.4328194856643677
2497,0.4033850431442261
2498,0.33547407388687134
2499,0.23973360657691956
2500,0.27808108925819397
2501,0.2791289687156677
2502,0.38425445556640625
2503,0.4623758792877197
2504,0.23352442681789398
2505,0.23628473281860352
2506,0.2181597352027893
2507,0.31785422563552856
2508,0.2924540042877197
2509,0.24346600472927094
2510,0.3784615397453308
2511,0.08893311023712158
2512,0.19632041454315186
2513,0.354430228471756
2514,0.3588404953479767
2515,0.4642634093761444
2516,0.20754604041576385
2517,0.2570823132991791
2518,0.18974518775939941
2519,0.3644821047782898
2520,0.14552414417266846
2521,0.21156376600265503
2522,0.27348676323890686
2523,0.23698869347572327
2524,0.3565579056739807
2525,0.22007091343402863
2526,0.2899930477142334
2527,0.19503241777420044
2528,0.2819684147834778
2529,0.1972244530916214
2530,0.4203612804412842
2531,0.2417754828929901
2532,0.3363308906555176
2533,0.37547528743743896
2534,0.34040284156799316
2535,0.28537312150001526
2536,0.29250189661979675
2537,0.20193462073802948
2538,0.3374508321285248
2539,0.3271113336086273
2540,0.205362468957901
2541,0.5045925378799438
2542,0.40539976954460144
2543,0.32825177907943726
2544,0.1543903797864914
2545,0.47362273931503296
2546,0.595943033695221
2547,0.48863640427589417
2548,0.27128979563713074
2549,0.2543529272079468
2550,0.1461275815963745
2551,0.35928791761398315
2552,0.36636731028556824
2553,0.23157760500907898
2554,0.2824936509132385
2555,0.3737521767616272
2556,0.5488106608390808
2557,0.4607343375682831
2558,0.5173599720001221
2559,0.4139525890350342
2560,0.1802273690700531
2561,0.1461283266544342
2562,0.3107767105102539
2563,0.22760732471942902
2564,0.27106431126594543
2565,0.17501956224441528
2566,0.5158432722091675
2567,0.2079818844795227
2568,0.32312238216400146
2569,0.2711271643638611
2570,0.3069778084754944
2571,0.2091909646987915
2572,0.1549529731273651
2573,0.3337632119655609
2574,0.1135316714644432
2575,0.5708531141281128
2576,0.25048890709877014
2577,0.49384593963623047
2578,0.15738847851753235
2579,0.32620078325271606
2580,0.3861643970012665
2581,0.28918561339378357
2582,0.1251920610666275
2583,0.3944323658943176
2584,0.2030298411846161
2585,0.20214895904064178
2586,0.31786227226257324
2587,0.18627604842185974
2588,0.23974107205867767
2589,0.5130006670951843
2590,0.17842994630336761
2591,0.31457972526550293
2592,0.4860546886920929
2593,0.3672851026058197
2594,0.4280359148979187
2595,0.4397278130054474
2596,0.2175634801387787
2597,0.23205086588859558
2598,0.1575482189655304
2599,0.3727211058139801
2600,0.44599777460098267
2601,0.2418125718832016
2602,0.3286782503128052
2603,0.2174614816904068
2604,0.14355191588401794
2605,0.28033745288848877
2606,0.19221830368041992
2607,0.3455159068107605
2608,0.21243497729301453
2609,0.3514246940612793
2610,0.13178211450576782
2611,0.3497130274772644
2612,0.28416329622268677
2613,0.3055066466331482
2614,0.2073974460363388
2615,0.20982733368873596
2616,0.38680440187454224
2617,0.29614049196243286
2618,0.3050234019756317
2619,0.27946579456329346
2620,0.31300199031829834
2621,0.35488465428352356
2622,0.3230893015861511
2623,0.1520804762840271
2624,0.15265947580337524
2625,0.34115731716156006
2626,0.18141740560531616
2627,0.3269725739955902
2628,0.4782779812812805
2629,0.2189510315656662
2630,0.2900732755661011
2631,0.33660393953323364
2632,0.25940918922424316
2633,0.20323237776756287
2634,0.4380033314228058
2635,0.2848309874534607
2636,0.3693140149116516
2637,0.25247105956077576
2638,0.3343949615955353
2639,0.11956390738487244
2640,0.2494707554578781
2641,0.3251972794532776
2642,0.12800820171833038
2643,0.23357145488262177
2644,0.20325791835784912
2645,0.410963237285614
2646,0.5241761207580566
2647,0.13883242011070251
2648,0.243549644947052
2649,0.230194553732872
2650,0.1693524718284607
2651,0.4021957516670227
2652,0.21317192912101746
2653,0.37663084268569946
2654,0.37014392018318176
2655,0.15274134278297424
2656,0.5660304427146912
2657,0.39188310503959656
2658,0.2384052723646164
2659,0.4116016626358032
2660,0.3999863266944885
2661,0.21900030970573425
2662,0.24004966020584106
2663,0.0961850956082344
2664,0.41930967569351196
2665,0.4246867597103119
2666,0.26948046684265137
2667,0.408467561006546
2668,0.31301653385162354
2669,0.11818988621234894
2670,0.5104362368583679
2671,0.4425770044326782
2672,0.39560410380363464
2673,0.4300864636898041
2674,0.3258934020996094
2675,0.35478076338768005
2676,0.32265985012054443
2677,0.3819962739944458
2678,0.577755331993103
2679,0.22140607237815857
2680,0.29995197057724
2681,0.15515267848968506
2682,0.30762922763824463
2683,0.21198301017284393
2684,0.3239220976829529
2685,0.45227769017219543
2686,0.39285433292388916
2687,0.2008495032787323
2688,0.24647998809814453
2689,0.3019350469112396
2690,0.7288527488708496
2691,0.3241271674633026
2692,0.0716124176979065
2693,0.400815486907959
2694,0.3062410354614258
2695,0.4270075857639313
2696,0.2864498496055603
2697,0.2961446940898895
2698,0.48894721269607544
2699,0.12076327204704285
2700,0.23092088103294373
2701,0.16982971131801605
2702,0.2609472870826721
2703,0.15767890214920044
2704,0.30084747076034546
2705,0.31783491373062134
2706,0.45001405477523804
2707,0.23999139666557312
2708,0.2859267592430115
2709,0.17656084895133972
2710,0.2767381966114044
2711,0.26146894693374634
2712,0.4247521460056305
2713,0.5600725412368774
2714,0.4999258518218994
2715,0.15881654620170593
2716,0.30639001727104187
2717,0.2817719578742981
2718,0.24291729927062988
2719,0.24897542595863342
2720,0.22516083717346191
2721,0.19486862421035767
2722,0.13077010214328766
2723,0.5749445557594299
2724,0.27409860491752625
2725,0.3000819683074951
2726,0.19450534880161285
2727,0.17413632571697235
2728,0.17211514711380005
2729,0.4346914291381836
2730,0.4737197756767273
2731,0.35558804869651794
2732,0.2289787083864212
2733,0.2877538502216339
2734,0.47088658809661865
2735,0.28916195034980774
2736,0.5858709812164307
2737,0.4036901295185089
2738,0.5184311866760254
2739,0.06363251805305481
2740,0.2569344937801361
2741,0.2990225851535797
2742,0.403694748878479
2743,0.5781739950180054
2744,0.38125497102737427
2745,0.10450705140829086
2746,0.34751006960868835
2747,0.3240193724632263
2748,0.13135677576065063
2749,0.1613190770149231
2750,0.5179248452186584
2751,0.4812118113040924
2752,0.279262900352478
2753,0.2587986886501312
2754,0.3244633376598358
2755,0.28491538763046265
2756,0.23556242883205414
2757,0.4147634506225586
2758,0.3901943564414978
2759,0.4844053387641907
2760,0.22268280386924744
2761,0.23772071301937103
2762,0.14970055222511292
2763,0.2337263822555542
2764,0.27790307998657227
2765,0.38594233989715576
2766,0.3498724102973938
2767,0.1587759256362915
2768,0.24506397545337677
2769,0.13557958602905273
2770,0.46836310625076294
2771,0.2427567094564438
2772,0.33212190866470337
2773,0.26020699739456177
2774,0.34643465280532837
2775,0.4490722417831421
2776,0.427438884973526
2777,0.2475961148738861
2778,0.32535067200660706
2779,0.2764833867549896
2780,0.2325456738471985
2781,0.27155801653862
2782,0.24416935443878174
2783,0.34840887784957886
2784,0.2749163508415222
2785,0.1863442063331604
2786,0.5973823070526123
2787,0.3762422800064087
2788,0.38277918100357056
2789,0.2407088577747345
2790,0.35315436124801636
2791,0.36886948347091675
2792,0.21045571565628052
2793,0.22920918464660645
2794,0.2751961350440979
2795,0.6106781363487244
2796,0.3643302917480469
2797,0.34326988458633423
2798,0.6069543361663818
2799,0.4402149021625519
2800,0.42505672574043274
2801,-0.004569229669868946
2802,0.21263408660888672
2803,0.4991322159767151
2804,0.6045140027999878
2805,0.21554362773895264
2806,0.4731181263923645
2807,0.13749653100967407
2808,0.28249984979629517
2809,0.2264341115951538
2810,0.07772134989500046
2811,0.08684150874614716
2812,0.240627720952034
2813,0.15659531950950623
2814,0.4990907609462738
2815,0.1057581752538681
2816,0.40491172671318054
2817,0.32678014039993286
2818,0.2948954999446869
2819,0.29152625799179077
2820,0.4412151575088501
2821,0.388264000415802
2822,0.09384023398160934
2823,0.25650477409362793
2824,0.16347184777259827
2825,0.6202222108840942
2826,0.5544496774673462
2827,0.29474714398384094
2828,0.28130292892456055
2829,0.2175416648387909
2830,0.10983812063932419
2831,0.10105244815349579
2832,0.1623045951128006
2833,0.14059744775295258
2834,0.289103627204895
2835,0.2895031273365021
2836,0.22679735720157623
2837,0.16030733287334442
2838,0.48585307598114014
2839,0.5390117168426514
2840,0.38913795351982117
2841,0.5367097854614258
2842,0.3594316840171814
2843,0.4005814790725708
2844,0.52550208568573
2845,0.3852101266384125
2846,0.2882237434387207
2847,0.3697696924209595
2848,0.37123358249664307
2849,0.25993508100509644
2850,0.25428757071495056
2851,0.31658658385276794
2852,0.377779483795166
2853,0.2198621928691864
2854,0.296064168214798
2855,0.2898116111755371
2856,0.32534122467041016
2857,0.43853360414505005
2858,0.26614946126937866
2859,0.2832442820072174
2860,0.19810572266578674
2861,0.2876068353652954
2862,0.14150866866111755
2863,0.1640019714832306
2864,0.2667955160140991
2865,0.3239154815673828
2866,0.33687806129455566
2867,0.18974031507968903
2868,0.37802475690841675
2869,0.18320997059345245
2870,0.2589201331138611
2871,0.3150096833705902
2872,0.5961071848869324
2873,0.280146062374115
2874,0.19891932606697083
2875,0.38524436950683594
2876,0.44135066866874695
2877,0.2117803990840912
2878,0.07019603252410889
2879,0.20188359916210175
2880,0.2886594533920288
2881,0.41298091411590576
2882,0.23497802019119263
2883,0.15836301445960999
2884,0.4516213536262512
2885,0.32742059230804443
2886,0.18486207723617554
2887,0.30832409858703613
2888,0.6017775535583496
2889,0.34866616129875183
2890,0.4530509114265442
2891,0.22853446006774902
2892,0.41960030794143677
2893,0.1921999454498291
2894,0.2970532774925232
2895,0.1776253879070282
2896,0.3396436870098114
2897,0.5144520401954651
2898,0.2774992287158966
2899,0.21050693094730377
2900,0.27278074622154236
2901,0.3120405673980713
2902,0.393330454826355
2903,0.36631813645362854
2904,0.2854217290878296
2905,0.34815579652786255
2906,0.3153619170188904
2907,0.5016611814498901
2908,0.06631925702095032
2909,0.19690927863121033
2910,0.4597112536430359
2911,0.4500771760940552
2912,0.4649107754230499
2913,0.5868096351623535
2914,0.2779262661933899
2915,0.4626255929470062
2916,0.26945456862449646
2917,0.20590928196907043
2918,0.2592141926288605
2919,0.4559524655342102
2920,0.1226048469543457
2921,0.12497258186340332
2922,0.32058894634246826
2923,0.3346514105796814
2924,0.2266327440738678
2925,0.32014065980911255
2926,0.23961010575294495
2927,0.14296039938926697
2928,0.2624310255050659
2929,0.36098331212997437
2930,0.3354063630104065
2931,0.29441583156585693
2932,0.3371864855289459
2933,0.527521014213562
2934,0.37273862957954407
2935,0.4900364875793457
2936,0.20154809951782227
2937,0.357863187789917
2938,0.24858956038951874
2939,0.2582612633705139
2940,0.570210874080658
2941,0.40883326530456543
2942,0.210216224193573
2943,0.23111754655838013
2944,0.3753054440021515
2945,0.22776970267295837
2946,0.6237931251525879
2947,0.2597619891166687
2948,0.11878803372383118
2949,0.18224462866783142
2950,0.27830272912979126
2951,0.34888628125190735
2952,0.2048308104276657
2953,0.49057045578956604
2954,0.3830717206001282
2955,0.5910499095916748
2956,0.011199049651622772
2957,0.4015888571739197
2958,0.3084334135055542
2959,0.4396412968635559
2960,0.26401486992836
2961,0.27134406566619873
2962,0.1559199094772339
2963,0.11967921257019043
2964,0.1457548439502716
2965,0.19143089652061462
2966,0.34761273860931396
2967,0.38478660583496094
2968,0.26656460762023926
2969,0.4147200882434845
2970,0.37906613945961
2971,0.2669673264026642
2972,0.23515385389328003
2973,0.23224593698978424
2974,0.33817148208618164
2975,0.24846641719341278
2976,0.3511057496070862
2977,0.17551836371421814
2978,0.40562066435813904
2979,0.15622445940971375
2980,0.3199196457862854
2981,0.2719024419784546
2982,0.5179790258407593
2983,0.5329778790473938
2984,0.2649414539337158
2985,0.28635287284851074
2986,0.36734768748283386
2987,0.3370780050754547
2988,0.30558571219444275
2989,0.1610848307609558
2990,0.3630636930465698
2991,0.1768677979707718
2992,0.47841981053352356
2993,0.2508326768875122
2994,0.2601936459541321
2995,0.4732735753059387
2996,0.4462081789970398
2997,0.2310750037431717
2998,0.020536411553621292
2999,0.22597303986549377
3000,0.2912387251853943
3001,0.3808119297027588
3002,0.19346854090690613
3003,0.2941182851791382
3004,0.19229891896247864
3005,0.2983856201171875
3006,0.37965869903564453
3007,0.2225797176361084
3008,0.12721149623394012
3009,0.6061408519744873
3010,0.2576169967651367
3011,0.3567062020301819
3012,0.4122636914253235
3013,0.7456245422363281
3014,0.11333794891834259
3015,0.18657371401786804
3016,0.21196067333221436
3017,0.4727318584918976
3018,0.3100319504737854
3019,0.2936024069786072
3020,0.4657687544822693
3021,0.49613505601882935
3022,0.3461948037147522
3023,0.5658293962478638
3024,0.3657745122909546
3025,0.40407654643058777
3026,0.5290602445602417
3027,0.25769227743148804
3028,0.1687072515487671
3029,0.3026012182235718
3030,0.20162692666053772
3031,0.29298993945121765
3032,0.38589292764663696
3033,0.266537070274353
3034,0.23217234015464783
3035,0.41754716634750366
3036,0.12401940673589706
3037,0.393865704536438
3038,0.40602079033851624
3039,0.32233503460884094
3040,0.19993458688259125
3041,0.33933186531066895
3042,0.37384992837905884
3043,0.15044423937797546
3044,0.35648083686828613
3045,0.2147504687309265
3046,0.4831932783126831
3047,0.4207717776298523
3048,0.35347306728363037
3049,0.27885130047798157
3050,0.19426752626895905
3051,0.28688573837280273
3052,0.3432508409023285
3053,0.2663145065307617
3054,0.5589404106140137
3055,0.2899581491947174
3056,0.6128047704696655
3057,0.20284953713417053
3058,0.23644962906837463
3059,0.21352094411849976
3060,0.4056452512741089
3061,0.28772789239883423
3062,0.1748015582561493
3063,0.18081524968147278
3064,0.18580694496631622
3065,0.45503318309783936
3066,0.27060967683792114
3067,0.29219597578048706
3068,0.22413447499275208
3069,0.18531709909439087
3070,0.16204068064689636
3071,0.2126418650150299
3072,0.20200367271900177
3073,0.37229952216148376
3074,0.353514701128006
3075,0.37833458185195923
3076,0.3015107214450836
3077,0.33538612723350525
3078,0.3377184271812439
3079,0.27536672353744507
3080,0.3784758746623993
3081,0.23064196109771729
3082,0.16291624307632446
3083,0.35439205169677734
3084,0.43498504161834717
3085,0.3506946861743927
3086,0.3080170154571533
3087,0.32864513993263245
3088,0.3312063217163086
3089,0.42806869745254517
3090,0.1256575733423233
3091,0.48572874069213867
3092,0.27725648880004883
3093,0.20763304829597473
3094,0.2755320072174072
3095,0.20155644416809082
3096,0.24746590852737427
3097,0.3248416483402252
3098,0.32632988691329956
3099,0.2393585741519928
3100,0.4023374319076538
3101,0.20218852162361145
3102,0.35103797912597656
3103,0.3260125517845154
3104,0.3300129473209381
3105,0.34123900532722473
3106,0.2053268849849701
3107,0.16033649444580078
3108,0.3714907765388489
3109,0.39498668909072876
3110,0.1406988799571991
3111,0.5515536069869995
3112,0.3782360553741455
3113,0.29170387983322144
3114,0.5455187559127808
3115,0.39357465505599976
3116,0.3529379367828369
3117,0.2802656292915344
3118,0.45574116706848145
3119,0.37441518902778625
3120,0.3759446442127228
3121,0.27602291107177734
3122,0.2580525279045105
3123,0.3675006031990051
3124,0.2384101301431656
3125,0.2791970372200012
3126,0.34761255979537964
3127,0.27735385298728943
3128,0.13803787529468536
3129,0.39152252674102783
3130,0.2509666681289673
3131,0.541061520576477
3132,0.22341112792491913
3133,0.4462621808052063
3134,0.30421289801597595
3135,0.17890244722366333
3136,0.42215555906295776
3137,0.4479997754096985
3138,0.4709903597831726
3139,0.2413376271724701
3140,0.01673785038292408
3141,0.4566969871520996
3142,0.445505827665329
3143,0.1846385896205902
3144,0.3749314546585083
3145,0.35096418857574463
3146,0.22634638845920563
3147,0.3234952986240387
3148,0.1841866672039032
3149,0.4527338147163391
3150,0.4325319826602936
3151,0.18878591060638428
3152,0.539483904838562
3153,0.396433562040329
3154,0.30886906385421753
3155,0.3655949532985687
3156,0.27552372217178345
3157,0.4702600836753845
3158,0.31493449211120605
3159,0.29109859466552734
3160,0.5291146039962769
3161,0.1455594152212143
3162,0.29327133297920227
3163,0.4962117671966553
3164,0.16907227039337158
3165,0.4473007917404175
3166,0.42609521746635437
3167,0.237834632396698
3168,0.27349555492401123
3169,0.5078158378601074
3170,0.13222351670265198
3171,0.2805929183959961
3172,0.32074952125549316
3173,0.3002702295780182
3174,0.2562081515789032
3175,0.2938682436943054
3176,0.23710480332374573
3177,0.4027710258960724
3178,0.6259669065475464
3179,0.2686818242073059
3180,0.2983865737915039
3181,0.21287468075752258
3182,0.28226345777511597
3183,0.4110146462917328
3184,0.2200780212879181
3185,0.42807531356811523
3186,0.479025274515152
3187,0.45103761553764343
3188,0.31085824966430664
3189,0.24307873845100403
3190,0.5278949737548828
3191,0.3273564279079437
3192,0.2145373821258545
3193,0.1800234019756317
3194,0.6494402885437012
3195,0.5976741909980774
3196,0.20512886345386505
3197,0.4783669710159302
3198,0.17721402645111084
3199,0.23770782351493835
3200,0.3011471629142761
3201,0.21886123716831207
3202,0.3592134416103363
3203,0.13740482926368713
3204,0.27777037024497986
3205,0.32373303174972534
3206,0.2527368664741516
3207,0.4735409915447235
3208,0.34674668312072754
3209,0.33317825198173523
3210,0.308374285697937
3211,0.21449226140975952
3212,0.24379345774650574
3213,0.17623722553253174
3214,0.3326294422149658
3215,0.29504019021987915
3216,0.3319324553012848
3217,0.1322682797908783
3218,0.43529027700424194
3219,0.23012596368789673
3220,0.5111467838287354
3221,0.1111740916967392
3222,0.3160501718521118
3223,0.2871679663658142
3224,0.27120155096054077
3225,0.013379301875829697
3226,0.3291332721710205
3227,0.10543996095657349
3228,0.4330816864967346
3229,0.23829075694084167
3230,0.22047796845436096
3231,0.3465312719345093
3232,0.20078550279140472
3233,0.5541196465492249
3234,0.27609339356422424
3235,0.6600826978683472
3236,0.21535898745059967
3237,0.17406749725341797
3238,0.43959397077560425
3239,0.34325289726257324
3240,0.28934988379478455
3241,0.17883482575416565
3242,0.3855934739112854
3243,0.35064536333084106
3244,0.2825480103492737
3245,0.18764910101890564
3246,0.3595105707645416
3247,0.34549668431282043
3248,0.5154757499694824
3249,0.40602168440818787
3250,0.22968323528766632
3251,0.29058340191841125
3252,0.3437633514404297
3253,0.24555201828479767
3254,0.21993476152420044
3255,0.41827166080474854
3256,0.273648202419281
3257,0.32689791917800903
3258,0.3208334743976593
3259,0.1550450325012207
3260,0.5763231515884399
3261,0.20022891461849213
3262,0.1464453488588333
3263,0.19588297605514526
3264,0.35346001386642456
3265,0.20038694143295288
3266,0.0964512899518013
3267,0.21234484016895294
3268,0.23026242852210999
3269,0.12591955065727234
3270,0.18712088465690613
3271,0.26137876510620117
3272,0.30995428562164307
3273,0.35293740034103394
3274,0.3001808524131775
3275,0.04779000207781792
3276,0.362451434135437
3277,0.32615017890930176
3278,0.1357020139694214
3279,0.1585817039012909
3280,0.4404996931552887
3281,0.5413656830787659
3282,0.2690105438232422
3283,0.409145325422287
3284,0.4917498528957367
3285,0.2571651339530945
3286,0.4778516888618469
3287,0.2742527723312378
3288,0.29070064425468445
3289,0.5922415852546692
3290,0.2739015519618988
3291,0.19885674118995667
3292,0.46113908290863037
3293,0.15716703236103058
3294,0.4923486113548279
3295,0.12995734810829163
3296,0.34371674060821533
3297,0.5129754543304443
3298,0.21909475326538086
3299,0.25546297430992126
3300,0.31281617283821106
3301,0.3702155351638794
3302,0.44041746854782104
3303,0.1855984926223755
3304,0.17616695165634155
3305,0.2904638648033142
3306,0.35582128167152405
3307,0.4469003677368164
3308,0.2727593183517456
3309,0.30576419830322266
3310,0.2504195272922516
3311,0.26387494802474976
3312,0.22206547856330872
3313,0.3860427141189575
3314,0.4450266659259796
3315,0.3995421528816223
3316,0.33687442541122437
3317,0.2855316400527954
3318,0.08696341514587402
3319,0.10132770985364914
3320,0.23795928061008453
3321,0.4174157679080963
3322,0.2509124279022217
3323,0.2035171389579773
3324,0.6011937260627747
3325,0.36610400676727295
3326,0.21731221675872803
3327,0.20478984713554382
3328,0.37394827604293823
3329,0.3647305965423584
3330,0.2709372639656067
3331,0.2193652093410492
3332,0.3293705880641937
3333,0.28164881467819214
3334,0.38282573223114014
3335,0.39335381984710693
3336,0.36560356616973877
3337,0.3756565749645233
3338,0.11493302881717682
3339,0.43179160356521606
3340,0.42772555351257324
3341,0.2237517088651657
3342,0.5447158813476562
3343,0.3532893657684326
3344,0.31300437450408936
3345,0.020754599943757057
3346,0.2804923355579376
3347,0.3694879412651062
3348,0.18844640254974365
3349,0.41563880443573
3350,0.2964579164981842
3351,0.21783781051635742
3352,0.28826484084129333
3353,0.4300667643547058
3354,0.3526393175125122
3355,0.1730390340089798
3356,0.4189510941505432
3357,0.24658676981925964
3358,0.5257124900817871
3359,0.32919296622276306
3360,0.21121491491794586
3361,0.39615780115127563
3362,0.1317310631275177
3363,0.24970149993896484
3364,0.4411148726940155
3365,0.32039690017700195
3366,0.28943368792533875
3367,0.38276422023773193
3368,0.2092936933040619
3369,0.3466796278953552
3370,0.3707437515258789
3371,0.48464709520339966
3372,0.24735009670257568
3373,0.16229334473609924
3374,0.2687629163265228
3375,0.33592289686203003
3376,0.1392299383878708
3377,0.5079354643821716
3378,0.09322226047515869
3379,0.19445735216140747
3380,0.3288710117340088
3381,0.21821387112140656
3382,0.56139075756073
3383,0.41827428340911865
3384,0.4022659361362457
3385,0.3507656753063202
3386,0.20461511611938477
3387,0.08862877637147903
3388,0.3607591986656189
3389,0.40459805727005005
3390,0.27906203269958496
3391,0.2136349231004715
3392,0.20970067381858826
3393,0.5816630125045776
3394,0.21223995089530945
3395,0.3015146255493164
3396,0.28657442331314087
3397,0.5897399187088013
3398,0.19101107120513916
3399,0.24437469244003296
3400,0.2313527911901474
3401,0.1551147848367691
3402,0.3785555064678192
3403,1.0000001192092896
3404,0.5198521614074707
3405,0.4393344223499298
3406,0.3100242018699646
3407,0.18107955157756805
3408,0.4205529987812042
3409,0.30824190378189087
3410,0.4372718334197998
3411,0.5814319849014282
3412,0.15225428342819214
3413,0.21899130940437317
3414,0.17898911237716675
3415,0.18007436394691467
3416,0.18233491480350494
3417,0.24106258153915405
3418,0.37085291743278503
3419,0.4242665469646454
3420,0.17938682436943054
3421,0.5607469081878662
3422,0.3139762878417969
3423,0.2120445966720581
3424,0.16423678398132324
3425,0.4892159402370453
3426,0.35151734948158264
3427,0.36331191658973694
3428,0.2138238549232483
3429,0.4879687428474426
3430,0.22065630555152893
3431,0.4809262156486511
3432,0.3153074383735657
3433,0.23134300112724304
3434,0.36013662815093994
3435,0.22260883450508118
3436,0.18798495829105377
3437,0.2047700136899948
3438,0.2339247167110443
3439,0.31212010979652405
3440,0.17879748344421387
3441,0.2961387634277344
3442,0.3705292344093323
3443,0.456035315990448
3444,0.11917460709810257
3445,0.21380919218063354
3446,0.22911027073860168
3447,0.2027168869972229
3448,0.12402502447366714
3449,0.13530020415782928
3450,0.41246941685676575
3451,0.4141605496406555
3452,0.38071659207344055
3453,0.41169267892837524
3454,0.3867388963699341
3455,0.4636445641517639
3456,0.3068631887435913
3457,0.43204066157341003
3458,0.22997504472732544
3459,0.5456289052963257
3460,0.11726599931716919
3461,0.22226354479789734
3462,0.11836422234773636
3463,0.2506544291973114
3464,0.20731693506240845
3465,0.3154620826244354
3466,0.3245169520378113
3467,0.24296511709690094
3468,0.34283843636512756
3469,0.26962774991989136
3470,0.14406824111938477
3471,0.3498111963272095
3472,0.4157615602016449
3473,0.5244404673576355
3474,0.24830541014671326
3475,0.26751381158828735
3476,0.11944638192653656
3477,0.18252651393413544
3478,0.23346185684204102
3479,0.39474499225616455
3480,0.5380099415779114
3481,0.5645817518234253
3482,0.36391937732696533
3483,0.2558295726776123
3484,0.28960850834846497
3485,0.43555426597595215
3486,0.4563978910446167
3487,0.3402773439884186
3488,0.1896938681602478
3489,0.10698331147432327
3490,0.42959505319595337
3491,0.38057786226272583
3492,0.3549085855484009
3493,0.37885892391204834
3494,0.24090951681137085
3495,0.2672576308250427
3496,0.3930395543575287
3497,0.2775687873363495
3498,0.2259824424982071
3499,0.18131962418556213
3500,0.31531885266304016
3501,0.2836996614933014
3502,0.23563691973686218
3503,0.27717456221580505
3504,0.09043114632368088
3505,0.3956877887248993
3506,0.31106090545654297
3507,0.3641972839832306
3508,0.07157343626022339
3509,0.31381189823150635
3510,0.3813667595386505
3511,0.2632291913032532
3512,0.14233314990997314
3513,0.1567545384168625
3514,0.4032149314880371
3515,0.10171271115541458
3516,0.37130051851272583
3517,0.3603377640247345
3518,0.3707985579967499
3519,0.09985864907503128
3520,0.24402141571044922
3521,0.351703405380249
3522,0.27621638774871826
3523,0.42151013016700745
3524,0.1666862815618515
3525,0.3902016878128052
3526,0.4389243721961975
3527,0.325602650642395
3528,0.187388613820076
3529,0.46294349431991577
3530,0.4802069365978241
3531,0.46999436616897583
3532,0.2807103991508484
3533,0.3918004035949707
3534,0.4559447765350342
3535,0.20323820412158966
3536,0.33119410276412964
3537,0.4143894910812378
3538,0.44315358996391296
3539,0.1657915860414505
3540,0.2929040193557739
3541,0.3189971148967743
3542,0.29678985476493835
3543,0.5890167951583862
3544,0.48853781819343567
3545,0.23921704292297363
3546,0.2244604527950287
3547,0.44835615158081055
3548,0.40347611904144287
3549,0.23622092604637146
3550,0.4608043432235718
3551,0.2665097117424011
3552,0.7207124829292297
3553,0.41898399591445923
3554,0.3013210892677307
3555,0.32130110263824463
3556,0.2499450147151947
3557,0.21872945129871368
3558,0.23820771276950836
3559,0.303836464881897
3560,0.27881115674972534
3561,0.5463725328445435
3562,0.2513110935688019
3563,0.47811436653137207
3564,0.2669716477394104
3565,0.23652616143226624
3566,0.39071643352508545
3567,0.4203554689884186
3568,0.43270087242126465
3569,0.07261916249990463
3570,0.4781392216682434
3571,0.4326134920120239
3572,0.13185861706733704
3573,0.275128573179245
3574,0.4115279018878937
3575,0.28802555799484253
3576,0.36026531457901
3577,0.3838306665420532
3578,0.290305495262146
3579,0.2618958652019501
3580,0.2471691370010376
3581,0.33193254470825195
3582,0.14674964547157288
3583,0.5783792734146118
3584,0.31246060132980347
3585,0.28429722785949707
3586,0.4514540135860443
3587,0.48768049478530884
3588,0.32736730575561523
3589,0.35120439529418945
3590,0.3141193389892578
3591,0.4611937701702118
3592,0.42192086577415466
3593,0.18537256121635437
3594,0.4302230775356293
3595,0.11019934713840485
3596,0.19702579081058502
3597,0.23587974905967712
3598,0.18144740164279938
3599,0.21016399562358856
3600,0.1288050264120102
3601,0.4401340186595917
3602,0.24721753597259521
3603,0.24122701585292816
3604,0.2567228376865387
3605,0.36483365297317505
3606,0.2295975238084793
3607,0.35318678617477417
3608,0.24964457750320435
3609,0.18844300508499146
3610,0.08643997460603714
3611,0.29797056317329407
3612,0.28338122367858887
3613,0.2836090922355652
3614,0.5198053121566772
3615,0.32050639390945435
3616,0.14528366923332214
3617,0.08860939741134644
3618,0.1595260053873062
3619,0.3938007652759552
3620,0.4092852473258972
3621,0.5234241485595703
3622,0.4876883924007416
3623,0.4247265160083771
3624,0.4311816692352295
3625,0.20980899035930634
3626,0.3297851085662842
3627,0.07769249379634857
3628,0.38014739751815796
3629,0.207281693816185
3630,0.1147879958152771
3631,0.19789788126945496
3632,0.01748603768646717
3633,0.19884628057479858
3634,0.2272215336561203
3635,0.25266233086586
3636,0.47519633173942566
3637,0.12558197975158691
3638,0.2205270528793335
3639,0.32925188541412354
3640,0.5062576532363892
3641,0.28390705585479736
3642,0.3365265727043152
3643,0.3783535063266754
3644,0.3026532232761383
3645,0.24397873878479004
3646,0.3432232737541199
3647,0.2806975543498993
3648,0.4520358145236969
3649,0.285963773727417
3650,0.3259962797164917
3651,0.14539805054664612
3652,0.37892425060272217
3653,0.27184098958969116
3654,0.3607291281223297
3655,0.20604655146598816
3656,0.24646712839603424
3657,0.39403027296066284
3658,-0.007422459311783314
3659,0.3505001664161682
3660,0.464987576007843
3661,0.204788476228714
3662,0.092423215508461
3663,0.20983904600143433
3664,0.3297652006149292
3665,0.36368972063064575
3666,0.4218059778213501
3667,0.19789305329322815
3668,0.316272109746933
3669,0.25055375695228577
3670,0.6114805936813354
3671,0.31723305583000183
3672,0.5199167728424072
3673,0.39461204409599304
3674,0.5895851850509644
3675,0.4220200181007385
3676,0.4551326632499695
3677,0.22949938476085663
3678,0.12849649786949158
3679,0.2341558039188385
3680,0.2974344491958618
3681,0.4152562618255615
3682,0.24691253900527954
3683,0.2928858995437622
3684,0.16937708854675293
3685,0.2709300220012665
3686,0.34763550758361816
3687,0.08646489679813385
3688,0.12797154486179352
3689,0.38935643434524536
3690,0.041891682893037796
3691,0.15999048948287964
3692,0.19151410460472107
3693,0.3008497953414917
3694,0.23770654201507568
3695,0.20882701873779297
3696,0.20647156238555908
3697,0.31531885266304016
3698,0.15898987650871277
3699,0.2713578939437866
3700,0.39985784888267517
3701,0.44369322061538696
3702,0.1810038685798645
3703,0.2268950641155243
3704,0.4329127371311188
3705,0.298012912273407
3706,0.5172447562217712
3707,0.41349029541015625
3708,0.10322026163339615
3709,0.2611873745918274
3710,0.37499767541885376
3711,0.2587045729160309
3712,0.1810731738805771
3713,0.17549751698970795
3714,0.26484009623527527
3715,0.38781026005744934
3716,0.23745125532150269
3717,0.2687251567840576
3718,0.5308899283409119
3719,0.20928668975830078
3720,0.1967022567987442
3721,0.34635671973228455
3722,0.06737864017486572
3723,0.2899130582809448
3724,0.468917578458786
3725,0.3162868916988373
3726,0.2927085757255554
3727,0.2872403562068939
3728,0.29715168476104736
3729,0.1566137969493866
3730,0.15188196301460266
3731,0.3766976594924927
3732,0.491122305393219
3733,0.25691238045692444
3734,0.2014894187450409
3735,0.2886599600315094
3736,0.3009464740753174
3737,0.4388725161552429
3738,0.4560478925704956
3739,0.4520673155784607
3740,0.11314456164836884
3741,0.25314587354660034
3742,0.1417420506477356
3743,0.46815627813339233
3744,0.3011900782585144
3745,0.2940949499607086
3746,0.41981956362724304
3747,0.3907549977302551
3748,0.2567547559738159
3749,0.16138766705989838
3750,0.2256743162870407
3751,0.22975707054138184
3752,0.30388206243515015
3753,0.44703930616378784
3754,0.2780766487121582
3755,0.4949742257595062
3756,0.2694404125213623
3757,0.2414940595626831
3758,0.4488258361816406
3759,0.34378817677497864
3760,0.28201180696487427
3761,0.2673402428627014
3762,0.2138533890247345
3763,0.4953114986419678
3764,0.19980421662330627
3765,0.38126999139785767
3766,0.31280452013015747
3767,0.48187994956970215
3768,0.3304489850997925
3769,0.5775700211524963
3770,0.11999975144863129
3771,0.28281915187835693
3772,0.3733243942260742
3773,0.17696119844913483
3774,0.28290969133377075
3775,0.6100751161575317
3776,0.23703785240650177
3777,0.14764104783535004
3778,0.3751411736011505
3779,0.25706005096435547
3780,0.274811327457428
3781,0.27163001894950867
3782,0.24287569522857666
3783,0.28343433141708374
3784,0.29081040620803833
3785,0.240607351064682
3786,0.013596586883068085
3787,0.30279916524887085
3788,0.4954149127006531
3789,0.3909800946712494
3790,0.20326346158981323
3791,0.2243870049715042
3792,0.2698436379432678
3793,0.3970903158187866
3794,0.4715615212917328
3795,0.14868389070034027
3796,0.26299840211868286
3797,0.30090391635894775
3798,0.3691057562828064
3799,0.3346482813358307
3800,0.30359208583831787
3801,0.5167533755302429
3802,0.2680831253528595
3803,0.09304799139499664
3804,0.3105488419532776
3805,0.1583237200975418
3806,0.439855694770813
3807,0.5757974982261658
3808,0.4112907946109772
3809,0.3838496208190918
3810,0.19330555200576782
3811,0.3916735053062439
3812,0.2619929313659668
3813,0.5632234215736389
3814,0.14548441767692566
3815,0.5224478840827942
3816,0.3395208418369293
3817,0.37931472063064575
3818,0.2699774205684662
3819,0.3501013517379761
3820,0.5468721985816956
3821,0.47583210468292236
3822,0.38786447048187256
3823,0.1758878231048584
3824,0.16245071589946747
3825,0.25512611865997314
3826,0.21383978426456451
3827,0.6723125576972961
3828,0.0985918790102005
3829,0.3230915367603302
3830,0.25540101528167725
3831,0.39800432324409485
3832,0.277909517288208
3833,0.28829726576805115
3834,0.2297147512435913
3835,0.3015083968639374
3836,0.6639100909233093
3837,0.18225626647472382
3838,0.1611100137233734
3839,0.2983802556991577
3840,0.16859185695648193
3841,0.24842946231365204
3842,0.24840503931045532
3843,0.24989894032478333
3844,0.27505064010620117
3845,0.2326934039592743
3846,0.5361958742141724
3847,0.4135652184486389
3848,0.2515502870082855
3849,0.24794846773147583
3850,0.2765088379383087
3851,0.24499455094337463
3852,0.3207250237464905
3853,0.11246668547391891
3854,0.32132741808891296
3855,0.3155398964881897
3856,0.178238183259964
3857,0.14568674564361572
3858,0.32038652896881104
3859,0.5020694136619568
3860,0.3982865810394287
3861,0.4051434099674225
3862,0.17681804299354553
3863,0.12637928128242493
3864,0.3518158197402954
3865,0.1635202318429947
3866,0.3373773694038391
3867,0.33293744921684265
3868,0.37908005714416504
3869,0.2726038694381714
3870,0.3678745627403259
3871,0.459808886051178
3872,0.2739415764808655
3873,0.3844738006591797
3874,0.41452670097351074
3875,0.3484240472316742
3876,0.18441711366176605
3877,0.2594304084777832
3878,0.5286141633987427
3879,0.3520309329032898
3880,0.22775152325630188
3881,0.2113891839981079
3882,0.3206590414047241
3883,0.34373605251312256
3884,0.3798321485519409
3885,0.21729159355163574
3886,0.5150439739227295
3887,0.3579724431037903
3888,0.3991488814353943
3889,0.21264250576496124
3890,0.30608025193214417
3891,0.45476073026657104
3892,0.525139570236206
3893,0.07527100294828415
3894,0.401923269033432
3895,0.4020007252693176
3896,0.14217567443847656
3897,0.32564520835876465
3898,0.22251151502132416
3899,0.09986612945795059
3900,0.2457360327243805
3901,0.4180998206138611
3902,0.30105888843536377
3903,0.43924835324287415
3904,0.18207985162734985
3905,0.5028480291366577
3906,0.35686174035072327
3907,0.2639041841030121
3908,0.4844658374786377
3909,0.3067302405834198
3910,0.25697922706604004
3911,0.4194290339946747
3912,0.2906476855278015
3913,0.22924700379371643
3914,0.27534812688827515
3915,0.14170825481414795
3916,0.24284371733665466
3917,0.4310566782951355
3918,0.30978846549987793
3919,0.23166877031326294
3920,0.2743043005466461
3921,0.3827594220638275
3922,0.4263266623020172
3923,0.2864724099636078
3924,0.438539981842041
3925,0.15829505026340485
3926,0.10146923363208771
3927,0.4544174373149872
3928,0.17419733107089996
3929,0.3320651054382324
3930,0.18823754787445068
3931,0.39056456089019775
3932,0.36501139402389526
3933,0.2244797646999359
3934,0.45447537302970886
3935,0.282554030418396
3936,0.29150643944740295
3937,0.7016221284866333
3938,0.5706602334976196
3939,0.399463951587677
3940,0.25582799315452576
3941,0.2444421947002411
3942,0.2087302803993225
3943,0.23094719648361206
3944,0.2004488855600357
3945,0.44106191396713257
3946,0.33694010972976685
3947,0.4317842721939087
3948,0.308909147977829
3949,0.34045594930648804
3950,0.5144482851028442
3951,0.4527952969074249
3952,0.25388622283935547
3953,0.14656880497932434
3954,0.3411310017108917
3955,0.3811647593975067
3956,0.3479826748371124
3957,0.2724279761314392
3958,0.38413628935813904
3959,0.3846267759799957
3960,0.3225463032722473
3961,0.3484823405742645
3962,0.32637202739715576
3963,0.3277689218521118
3964,0.14295120537281036
3965,0.22296953201293945
3966,0.38896501064300537
3967,0.6144856214523315
3968,0.44172078371047974
3969,0.522304892539978
3970,0.22398778796195984
3971,0.3127104341983795
3972,0.31745338439941406
3973,0.4165724515914917
3974,0.30718228220939636
3975,0.23490047454833984
3976,0.17988687753677368
3977,0.14167945086956024
3978,0.39818209409713745
3979,0.4332975447177887
3980,0.27689728140830994
3981,0.16344083845615387
3982,0.3009060025215149
3983,0.43171054124832153
3984,0.24157527089118958
3985,0.4117351770401001
3986,0.2518353760242462
3987,0.25586259365081787
3988,0.29104289412498474
3989,0.44427016377449036
3990,0.40216898918151855
3991,0.19376179575920105
3992,0.24387028813362122
3993,0.49011924862861633
3994,0.17447146773338318
3995,0.25004544854164124
3996,0.5038135051727295
3997,0.290283203125
3998,0.46539729833602905
3999,0.5410638451576233
4000,0.3268323242664337
4001,0.28809332847595215
4002,0.3650515675544739
4003,0.2475854903459549
4004,0.2584587037563324
4005,0.22528769075870514
4006,0.3204716444015503
4007,0.3662543296813965
4008,0.36046102643013
4009,0.1493176817893982
4010,0.2247849553823471
4011,0.2985379099845886
4012,0.18527749180793762
4013,0.491878867149353
4014,0.3202647268772125
4015,0.31546545028686523
4016,0.3061695694923401
4017,0.204787939786911
4018,0.32857584953308105
4019,0.2796248197555542
4020,0.1728886514902115
4021,0.22075535356998444
4022,0.13506579399108887
